-- phpMyAdmin SQL Dump
-- version 4.7.0
-- https://www.phpmyadmin.net/
--
-- Host: 127.0.0.1
-- Generation Time: Sep 22, 2017 at 12:27 PM
-- Server version: 10.1.25-MariaDB
-- PHP Version: 7.1.7

SET SQL_MODE = "NO_AUTO_VALUE_ON_ZERO";
SET AUTOCOMMIT = 0;
START TRANSACTION;
SET time_zone = "+00:00";


/*!40101 SET @OLD_CHARACTER_SET_CLIENT=@@CHARACTER_SET_CLIENT */;
/*!40101 SET @OLD_CHARACTER_SET_RESULTS=@@CHARACTER_SET_RESULTS */;
/*!40101 SET @OLD_COLLATION_CONNECTION=@@COLLATION_CONNECTION */;
/*!40101 SET NAMES utf8mb4 */;

--
-- Database: `ogf`
--

-- --------------------------------------------------------

--
-- Table structure for table `branch`
--

CREATE TABLE `branch` (
  `branch_id` int(11) NOT NULL,
  `branch_name` varchar(100) COLLATE utf8_bin NOT NULL,
  `branch_lat` varchar(100) COLLATE utf8_bin NOT NULL,
  `branch_lng` varchar(100) COLLATE utf8_bin NOT NULL
) ENGINE=InnoDB DEFAULT CHARSET=utf8 COLLATE=utf8_bin;

--
-- Dumping data for table `branch`
--

INSERT INTO `branch` (`branch_id`, `branch_name`, `branch_lat`, `branch_lng`) VALUES
(1, 'ภูเก็ต', '7.90608272245317', '98.36664140224457'),
(2, 'หาดใหญ่', '7.006341665683104', '100.4985523223877'),
(3, 'อยุธยา', '14.343238520299131', '100.60918271541595'),
(4, 'สุราษฯ', '9.11065637716888', '99.30181503295898'),
(5, 'ศรีราชา', '13.168317602040103', '100.93120604753494');

-- --------------------------------------------------------

--
-- Table structure for table `branch_destination`
--

CREATE TABLE `branch_destination` (
  `branch_destination_id` int(11) NOT NULL,
  `branch_destination_name` varchar(100) COLLATE utf8_bin NOT NULL,
  `branch_id` int(11) NOT NULL,
  `lat_destination` varchar(100) COLLATE utf8_bin NOT NULL,
  `lng_destination` varchar(100) COLLATE utf8_bin NOT NULL
) ENGINE=InnoDB DEFAULT CHARSET=utf8 COLLATE=utf8_bin;

--
-- Dumping data for table `branch_destination`
--

INSERT INTO `branch_destination` (`branch_destination_id`, `branch_destination_name`, `branch_id`, `lat_destination`, `lng_destination`) VALUES
(1, 'สำนักงานภูเก็ต', 1, '7.90608272245317', '98.36664140224457'),
(2, 'สำนักงานหาดใหญ่', 2, '7.006341665683104', '100.4985523223877'),
(3, 'สำนักงานอยุธยา', 3, '14.343238520299131', '100.60918271541595'),
(4, 'สำนักงานสุราษ์', 4, '9.11065637716888', '99.30181503295898'),
(5, 'สำนักงานศรีราชา', 5, '13.168317602040103', '100.93120604753494'),
(6, 'เขารัง', 1, '7.893649112474572', '98.3796501159668'),
(7, 'สะพานหิน', 1, '7.861681329197523', '98.40059280395508'),
(8, 'แหลมพรหมเทพ', 1, '7.759129793877661', '98.30360412597656'),
(9, 'เซ็นทรัลเฟสติวัล หาดใหญ่', 2, '6.991603604199083', '100.48293113708496'),
(10, 'สนามบินหาดใหญ่', 2, '6.934435981451995', '100.39426803588867'),
(11, 'หอนาฬิกา', 2, '7.011623400954923', '100.47022819519043'),
(12, 'ตลาดน้ำอโยธยา', 3, '14.360690051634654', '100.5933952331543'),
(13, ' วัดพุทไธศวรรย์', 3, '14.339236637441354', '100.557861328125'),
(14, 'สวนน้ำ', 3, '14.453797275591278', '100.60592651367188'),
(15, 'มหาวิทยาลัยราชภัฏสุราษฎร์ธานี', 4, '9.078535488303402', '99.36309814453125'),
(16, 'บิ๊กซี สุราษฎร์ธานี', 4, '9.148197713142977', '99.3698787689209'),
(17, 'สนามบินสุราษ', 4, '9.13430025281776', '99.14285659790039'),
(18, 'เกาะลอย', 5, '13.173765506730218', '100.91972351074219'),
(19, 'โรบินสัน ศรีราชา', 5, '13.16841684587487', '100.93122482299805'),
(20, 'สวนสัตว์เปิดเขาเขียว', 5, '13.215213662455822', '101.05653762817383'),
(21, ' สวนเสือศรีราชา', 5, '13.148358327567177', '101.01070404052734'),
(22, ' น้ำตกชันตาเถร', 5, '13.23877580679779', '101.04194641113281'),
(23, ' Phuket Trickeye Museum', 1, '7.8832343478023645', '98.39231014251709'),
(24, 'เซ็นทรัลเฟสติวัล ภูเก็ต', 1, '7.891948760651239', '98.36819171905518'),
(25, 'พระราชวังบางปะอิน', 3, '14.23277078123727', '100.57914733886719'),
(26, 'เคียงเลซีฟู้ด', 4, '9.210390659479861', '99.47793960571289');

-- --------------------------------------------------------

--
-- Table structure for table `user`
--

CREATE TABLE `user` (
  `user_id` int(11) NOT NULL,
  `branch_name` varchar(100) COLLATE utf8_bin NOT NULL,
  `user_name` varchar(100) COLLATE utf8_bin NOT NULL,
  `email` varchar(200) COLLATE utf8_bin NOT NULL,
  `password` varchar(20) COLLATE utf8_bin NOT NULL,
  `position` varchar(100) COLLATE utf8_bin NOT NULL,
  `boss_email` varchar(200) COLLATE utf8_bin NOT NULL,
  `status` enum('online','offline') COLLATE utf8_bin NOT NULL
) ENGINE=InnoDB DEFAULT CHARSET=utf8 COLLATE=utf8_bin;

--
-- Dumping data for table `user`
--

INSERT INTO `user` (`user_id`, `branch_name`, `user_name`, `email`, `password`, `position`, `boss_email`, `status`) VALUES
(4, 'ภูเก็ต', 'rbecb', 'email@mail.com', '123456', 'marketing', 'chitpitak.t@gmail.com', 'offline'),
(5, 'หาดใหญ่', 'sirawit GG', '1234@mail.com', '5678', 'hr', 'ilchaose_kakz@live.com', 'online'),
(6, 'ศรีราชา', 'Araidee', 'test@mail.com', 'qqqq', 'programer', 'chitpitak.t@gmail.com', 'offline');

-- --------------------------------------------------------

--
-- Table structure for table `user_outgoing`
--

CREATE TABLE `user_outgoing` (
  `user_outgoing_id` int(11) NOT NULL,
  `branch_id` int(11) NOT NULL,
  `user_id` int(11) NOT NULL,
  `origin_lat` varchar(100) COLLATE utf8_bin NOT NULL,
  `origin_lng` varchar(100) COLLATE utf8_bin NOT NULL,
  `origin_branch_description_id` enum('0','1') COLLATE utf8_bin NOT NULL,
  `destination_lat` varchar(100) COLLATE utf8_bin NOT NULL,
  `destination_lng` varchar(100) COLLATE utf8_bin NOT NULL,
  `destination_branch_description_id` enum('0','1') COLLATE utf8_bin NOT NULL,
  `vihecle_type` enum('car','motercycle') COLLATE utf8_bin NOT NULL,
  `distance` double NOT NULL,
  `rate` double NOT NULL,
  `cost` double NOT NULL,
  `status` enum('wait','approve','cancle') COLLATE utf8_bin NOT NULL,
  `datetime_enter` datetime NOT NULL
) ENGINE=InnoDB DEFAULT CHARSET=utf8 COLLATE=utf8_bin;

--
-- Dumping data for table `user_outgoing`
--

INSERT INTO `user_outgoing` (`user_outgoing_id`, `branch_id`, `user_id`, `origin_lat`, `origin_lng`, `origin_branch_description_id`, `destination_lat`, `destination_lng`, `destination_branch_description_id`, `vihecle_type`, `distance`, `rate`, `cost`, `status`, `datetime_enter`) VALUES
(46, 2, 5, '7.0063486', '100.49869669999998', '0', '6.934435981451995', '100.39426803588867', '0', 'motercycle', 18.288, 2, 36.576, 'wait', '2017-09-22 15:53:06'),
(47, 2, 5, '7.0063486', '100.49869669999998', '0', '7.014392028589405', '100.50649635493755', '0', 'motercycle', 3.074, 2, 6.148, 'wait', '2017-09-22 15:53:48'),
(48, 2, 5, '7.0063486', '100.49869669999998', '0', '7.011623400954923', '100.47022819519043', '0', 'motercycle', 3.798, 2, 7.596, 'wait', '2017-09-22 15:54:13'),
(49, 1, 4, '7.906063400000001', '98.36658050000005', '0', '7.759129793877661', '98.30360412597656', '0', 'motercycle', 20.237, 2, 40.474, 'wait', '2017-09-22 15:56:30'),
(50, 1, 4, '7.906063400000001', '98.36658050000005', '0', '7.90608272245317', '98.36664140224457', '0', 'motercycle', 0, 2, 0, 'wait', '2017-09-22 15:57:33'),
(51, 5, 6, '13.1683118', '100.93145920000006', '0', '13.215213662455822', '101.05653762817383', '0', 'motercycle', 23.124, 2, 46.248, 'wait', '2017-09-22 15:57:58'),
(52, 5, 6, '13.1683118', '100.93145920000006', '0', '13.17326407473894', '100.97654342651367', '0', 'motercycle', 6.86, 2, 13.72, 'wait', '2017-09-22 15:58:16'),
(53, 2, 5, '7.0063486', '100.49869669999998', '0', '6.991603604199083', '100.48293113708496', '0', 'motercycle', 3.836, 2, 7.672, 'wait', '2017-09-22 15:59:45'),
(54, 1, 4, '7.906063400000001', '98.36658050000005', '0', '7.8832343478023645', '98.39231014251709', '0', 'motercycle', 5.247, 2, 10.494, 'wait', '2017-09-22 16:00:17'),
(55, 5, 6, '13.1683118', '100.93145920000006', '0', '13.173765506730218', '100.91972351074219', '0', 'motercycle', 1.883, 2, 3.766, 'wait', '2017-09-22 16:01:07'),
(56, 2, 5, '7.0063486', '100.49869669999998', '0', '7.011623400954923', '100.47022819519043', '0', 'motercycle', 3.798, 2, 7.596, 'wait', '2017-09-22 16:01:32'),
(57, 2, 5, '7.0063486', '100.49869669999998', '0', '6.934435981451995', '100.39426803588867', '0', 'motercycle', 18.288, 2, 36.576, 'wait', '2017-09-22 16:01:49'),
(58, 1, 4, '7.906063400000001', '98.36658050000005', '0', '7.759129793877661', '98.30360412597656', '0', 'motercycle', 20.237, 2, 40.474, 'wait', '2017-09-22 16:03:09'),
(59, 1, 4, '7.8918067', '98.3686477', '1', '7.8832343478023645', '98.39231014251709', '0', 'motercycle', 3.965, 2, 7.93, 'wait', '2017-09-22 16:04:35'),
(60, 1, 4, '7.906063400000001', '98.36658050000005', '0', '7.90623149842485', '98.35754871368408', '0', 'motercycle', 3.525, 2, 7.05, 'wait', '2017-09-22 16:04:50'),
(61, 1, 4, '7.906063400000001', '98.36658050000005', '0', '7.891948760651239', '98.36819171905518', '0', 'motercycle', 2.18, 2, 4.36, 'wait', '2017-09-22 16:05:08'),
(62, 1, 4, '7.906063400000001', '98.36658050000005', '0', '7.8832343478023645', '98.39231014251709', '0', 'motercycle', 5.247, 2, 10.494, 'wait', '2017-09-22 16:05:20'),
(63, 1, 4, '7.906063400000001', '98.36658050000005', '0', '7.906643288780981', '98.36693108081818', '0', 'motercycle', 0.201, 2, 0.402, 'wait', '2017-09-22 16:08:00'),
(64, 1, 4, '7.906063400000001', '98.36658050000005', '0', '7.891948760651239', '98.36819171905518', '0', 'motercycle', 2.18, 2, 4.36, 'wait', '2017-09-22 16:08:30'),
(65, 2, 5, '7.0063486', '100.49869669999998', '0', '6.934435981451995', '100.39426803588867', '0', 'motercycle', 18.288, 2, 36.576, 'wait', '2017-09-22 16:09:45'),
(66, 2, 5, '7.0063486', '100.49869669999998', '0', '7.011623400954923', '100.47022819519043', '0', 'motercycle', 3.798, 2, 7.596, 'wait', '2017-09-22 16:10:02'),
(67, 2, 5, '7.0063486', '100.49869669999998', '0', '7.011623400954923', '100.47022819519043', '0', 'motercycle', 3.798, 2, 7.596, 'wait', '2017-09-22 16:10:47'),
(68, 2, 5, '6.9367854', '100.39380449999999', '1', '7.011623400954923', '100.47022819519043', '0', 'motercycle', 14.09, 2, 28.18, 'wait', '2017-09-22 16:10:54'),
(69, 2, 5, '7.0063486', '100.49869669999998', '0', '6.991603604199083', '100.48293113708496', '0', 'motercycle', 3.836, 2, 7.672, 'wait', '2017-09-22 16:11:16'),
(70, 2, 5, '7.0063486', '100.49869669999998', '0', '7.011623400954923', '100.47022819519043', '0', 'motercycle', 3.798, 2, 7.596, 'wait', '2017-09-22 16:11:59'),
(71, 2, 5, '6.9910675', '100.48270150000008', '1', '7.011623400954923', '100.47022819519043', '0', 'motercycle', 3.66, 2, 7.32, 'wait', '2017-09-22 16:12:25'),
(72, 2, 5, '6.9910675', '100.48270150000008', '1', '6.934435981451995', '100.39426803588867', '0', 'motercycle', 14.689, 2, 29.378, 'wait', '2017-09-22 16:12:46'),
(73, 2, 5, '7.0063486', '100.49869669999998', '0', '7.0082158366633935', '100.49894073978066', '0', 'motercycle', 0.736, 2, 1.472, 'wait', '2017-09-22 16:14:01'),
(74, 2, 5, '7.0063486', '100.49869669999998', '0', '7.011623400954923', '100.47022819519043', '0', 'motercycle', 3.798, 2, 7.596, 'wait', '2017-09-22 16:14:14'),
(75, 1, 4, '7.906063400000001', '98.36658050000005', '0', '7.893649112474572', '98.3796501159668', '0', 'motercycle', 5.49, 2, 10.98, 'wait', '2017-09-22 16:14:42'),
(76, 1, 4, '7.906063400000001', '98.36658050000005', '0', '7.893649112474572', '98.3796501159668', '0', 'motercycle', 5.49, 2, 10.98, 'wait', '2017-09-22 16:14:50'),
(77, 1, 4, '7.906063400000001', '98.36658050000005', '0', '7.891948760651239', '98.36819171905518', '0', 'motercycle', 2.18, 2, 4.36, 'wait', '2017-09-22 16:14:57'),
(78, 1, 4, '7.861883199999999', '98.40019510000002', '1', '7.8832343478023645', '98.39231014251709', '0', 'motercycle', 3.173, 2, 6.346, 'wait', '2017-09-22 16:15:07'),
(79, 1, 4, '7.906063400000001', '98.36658050000005', '0', '7.891948760651239', '98.36819171905518', '0', 'motercycle', 2.18, 2, 4.36, 'wait', '2017-09-22 16:15:22'),
(80, 1, 4, '7.8833759', '98.39232149999998', '1', '7.893649112474572', '98.3796501159668', '0', 'motercycle', 3.493, 2, 6.986, 'wait', '2017-09-22 16:15:30'),
(81, 1, 4, '7.906063400000001', '98.36658050000005', '0', '7.900025369489263', '98.37720394134521', '0', 'motercycle', 3.748, 2, 7.496, 'wait', '2017-09-22 16:15:39'),
(82, 1, 4, '7.906063400000001', '98.36658050000005', '0', '7.891948760651239', '98.36819171905518', '0', 'motercycle', 2.18, 2, 4.36, 'wait', '2017-09-22 16:16:16'),
(83, 1, 4, '7.906063400000001', '98.36658050000005', '0', '7.897644911717592', '98.3690071105957', '0', 'motercycle', 1.117, 2, 2.234, 'wait', '2017-09-22 16:16:22'),
(84, 1, 4, '7.906063400000001', '98.36658050000005', '0', '7.908399370782396', '98.37776184082031', '0', 'motercycle', 1.604, 2, 3.208, 'wait', '2017-09-22 16:16:28'),
(85, 1, 4, '7.906063400000001', '98.36658050000005', '0', '7.891948760651239', '98.36819171905518', '0', 'motercycle', 2.18, 2, 4.36, 'wait', '2017-09-22 16:16:34'),
(86, 1, 4, '7.906063400000001', '98.36658050000005', '0', '7.896752236515942', '98.37128162384033', '0', 'motercycle', 3.421, 2, 6.842, 'wait', '2017-09-22 16:16:43'),
(87, 1, 4, '7.906063400000001', '98.36658050000005', '0', '7.888292980546746', '98.35763454437256', '0', 'motercycle', 5.775, 2, 11.55, 'wait', '2017-09-22 16:16:49'),
(88, 1, 4, '7.906063400000001', '98.36658050000005', '0', '7.8832343478023645', '98.39231014251709', '0', 'motercycle', 5.247, 2, 10.494, 'wait', '2017-09-22 16:16:56'),
(89, 1, 4, '7.906063400000001', '98.36658050000005', '0', '7.8832343478023645', '98.39231014251709', '0', 'motercycle', 5.247, 2, 10.494, 'wait', '2017-09-22 16:18:09'),
(90, 1, 4, '7.906063400000001', '98.36658050000005', '0', '7.909164499482481', '98.37492942810059', '0', 'motercycle', 1.69, 2, 3.38, 'wait', '2017-09-22 16:18:15'),
(91, 1, 4, '7.906063400000001', '98.36658050000005', '0', '7.907294182376584', '98.35480213165283', '0', 'motercycle', 1.992, 2, 3.984, 'wait', '2017-09-22 16:18:21'),
(92, 1, 4, '7.906063400000001', '98.36658050000005', '0', '7.891948760651239', '98.36819171905518', '0', 'motercycle', 2.18, 2, 4.36, 'wait', '2017-09-22 16:18:27'),
(93, 1, 4, '7.906063400000001', '98.36658050000005', '0', '7.861681329197523', '98.40059280395508', '0', 'motercycle', 8.378, 2, 16.756, 'wait', '2017-09-22 16:19:03'),
(94, 1, 4, '7.906063400000001', '98.36658050000005', '0', '7.910014640817772', '98.37419986724854', '0', 'motercycle', 1.712, 2, 3.424, 'wait', '2017-09-22 16:19:10'),
(95, 1, 4, '7.906063400000001', '98.36658050000005', '0', '7.912310013668246', '98.36656093597412', '0', 'motercycle', 1, 2, 2, 'wait', '2017-09-22 16:19:15'),
(96, 1, 4, '7.906063400000001', '98.36658050000005', '0', '7.8832343478023645', '98.39231014251709', '0', 'motercycle', 5.247, 2, 10.494, 'wait', '2017-09-22 16:19:25'),
(97, 1, 4, '7.906063400000001', '98.36658050000005', '0', '7.759129793877661', '98.30360412597656', '0', 'motercycle', 20.237, 2, 40.474, 'wait', '2017-09-22 16:19:32'),
(98, 2, 5, '7.0063486', '100.49869669999998', '0', '6.934435981451995', '100.39426803588867', '0', 'motercycle', 18.288, 2, 36.576, 'wait', '2017-09-22 16:24:32'),
(99, 2, 5, '7.0063486', '100.49869669999998', '0', '7.005564308463552', '100.49585301429033', '0', 'motercycle', 0.507, 2, 1.014, 'wait', '2017-09-22 16:24:52'),
(100, 2, 5, '7.0063486', '100.49869669999998', '0', '6.991603604199083', '100.48293113708496', '0', 'motercycle', 3.836, 2, 7.672, 'wait', '2017-09-22 16:25:03'),
(101, 5, 6, '13.1683118', '100.93145920000006', '0', '13.215213662455822', '101.05653762817383', '0', 'motercycle', 23.124, 2, 46.248, 'wait', '2017-09-22 16:25:20'),
(102, 5, 6, '13.1683118', '100.93145920000006', '0', '13.23877580679779', '101.04194641113281', '0', 'motercycle', 19.981, 2, 39.962, 'wait', '2017-09-22 16:25:30'),
(103, 5, 6, '13.1683118', '100.93145920000006', '0', '13.173765506730218', '100.91972351074219', '0', 'motercycle', 1.883, 2, 3.766, 'wait', '2017-09-22 16:25:39'),
(104, 5, 6, '13.1683118', '100.93145920000006', '0', '13.167205023666023', '100.92435836791992', '0', 'motercycle', 0.883, 2, 1.766, 'wait', '2017-09-22 16:25:50'),
(105, 5, 6, '13.1683118', '100.93145920000006', '0', '13.14367777049247', '101.07009887695312', '0', 'motercycle', 22.57, 2, 45.14, 'wait', '2017-09-22 16:29:22'),
(106, 1, 4, '7.906063400000001', '98.36658050000005', '0', '7.891948760651239', '98.36819171905518', '0', 'motercycle', 2.18, 2, 4.36, 'wait', '2017-09-22 16:33:01'),
(107, 1, 4, '7.906063400000001', '98.36658050000005', '0', '7.906066450078012', '98.36650628596544', '0', 'motercycle', 0.026, 2, 0.052, 'wait', '2017-09-22 16:33:07'),
(108, 1, 4, '7.906063400000001', '98.36658050000005', '0', '7.8832343478023645', '98.39231014251709', '0', 'motercycle', 5.247, 2, 10.494, 'wait', '2017-09-22 16:33:58'),
(109, 1, 4, '7.906063400000001', '98.36658050000005', '0', '7.8832343478023645', '98.39231014251709', '0', 'motercycle', 5.247, 2, 10.494, 'wait', '2017-09-22 16:33:58'),
(110, 1, 4, '7.906063400000001', '98.36658050000005', '0', '7.861681329197523', '98.40059280395508', '0', 'motercycle', 8.378, 2, 16.756, 'wait', '2017-09-22 16:36:12'),
(111, 1, 4, '7.906063400000001', '98.36658050000005', '0', '7.906080397828182', '98.36646001785994', '0', 'motercycle', 0.029, 2, 0.058, 'wait', '2017-09-22 16:36:21'),
(112, 1, 4, '7.906063400000001', '98.36658050000005', '0', '7.8832343478023645', '98.39231014251709', '0', 'motercycle', 5.247, 2, 10.494, 'wait', '2017-09-22 16:36:46'),
(113, 1, 4, '7.906063400000001', '98.36658050000005', '0', '7.893649112474572', '98.3796501159668', '0', 'motercycle', 5.49, 2, 10.98, 'wait', '2017-09-22 16:36:52'),
(114, 1, 4, '7.906063400000001', '98.36658050000005', '0', '7.906065121720825', '98.36647041141987', '0', 'motercycle', 0.027, 2, 0.054, 'wait', '2017-09-22 16:36:57'),
(115, 5, 6, '13.1683118', '100.93145920000006', '0', '13.148358327567177', '101.01070404052734', '0', 'motercycle', 10.035, 2, 20.07, 'wait', '2017-09-22 16:38:12'),
(116, 5, 6, '13.1683118', '100.93145920000006', '0', '13.1683930142998', '100.93160334974527', '0', 'motercycle', 2.076, 2, 4.152, 'wait', '2017-09-22 16:38:18'),
(117, 5, 6, '13.1683118', '100.93145920000006', '0', '13.16841684587487', '100.93122482299805', '0', 'motercycle', 0.011, 2, 0.022, 'wait', '2017-09-22 16:43:32'),
(118, 5, 6, '13.1683118', '100.93145920000006', '0', '13.173305860777441', '100.94388484954834', '0', 'motercycle', 2.615, 2, 5.23, 'wait', '2017-09-22 16:43:38'),
(119, 5, 6, '13.1683118', '100.93145920000006', '0', '13.172428352471005', '100.94534397125244', '0', 'motercycle', 2.567, 2, 5.134, 'wait', '2017-09-22 16:43:44'),
(120, 5, 6, '13.1683118', '100.93145920000006', '0', '13.167090109179794', '100.93090295791626', '0', 'motercycle', 1.068, 2, 2.136, 'wait', '2017-09-22 16:44:14'),
(121, 5, 6, '13.1683118', '100.93145920000006', '0', '13.148358327567177', '101.01070404052734', '0', 'motercycle', 10.035, 2, 20.07, 'wait', '2017-09-22 16:46:54'),
(122, 5, 6, '13.1683118', '100.93145920000006', '0', '13.148358327567177', '101.01070404052734', '0', 'motercycle', 10.035, 2, 20.07, 'wait', '2017-09-22 16:51:11'),
(123, 5, 6, '13.1683118', '100.93145920000006', '0', '13.173556576858676', '100.93710422515869', '0', 'motercycle', 1.352, 2, 2.704, 'wait', '2017-09-22 16:51:23'),
(124, 5, 6, '13.1683118', '100.93145920000006', '0', '13.148358327567177', '101.01070404052734', '0', 'motercycle', 10.035, 2, 20.07, 'wait', '2017-09-22 16:51:53'),
(125, 5, 6, '13.1683118', '100.93145920000006', '0', '13.177484428603695', '100.94508647918701', '0', 'motercycle', 2.544, 2, 5.088, 'wait', '2017-09-22 16:52:01'),
(126, 5, 6, '13.1683118', '100.93145920000006', '0', '13.160644364860993', '100.92272758483887', '0', 'motercycle', 1.693, 2, 3.386, 'wait', '2017-09-22 16:52:06'),
(127, 5, 6, '13.1683118', '100.93145920000006', '0', '13.159348927385256', '100.94066619873047', '0', 'motercycle', 2.249, 2, 4.498, 'wait', '2017-09-22 16:52:11'),
(128, 5, 6, '13.1683118', '100.93145920000006', '0', '13.173765506730218', '100.91972351074219', '0', 'motercycle', 1.883, 2, 3.766, 'wait', '2017-09-22 16:52:16'),
(129, 5, 6, '13.1683118', '100.93145920000006', '0', '13.170631539934368', '100.92772722244263', '0', 'motercycle', 0.809, 2, 1.618, 'wait', '2017-09-22 16:52:25'),
(130, 2, 5, '7.0063486', '100.49869669999998', '0', '6.934435981451995', '100.39426803588867', '0', 'motercycle', 18.288, 2, 36.576, 'wait', '2017-09-22 16:52:52'),
(131, 2, 5, '7.0063486', '100.49869669999998', '0', '7.009025135438879', '100.49224846065044', '0', 'motercycle', 1.977, 2, 3.954, 'wait', '2017-09-22 16:53:02'),
(132, 2, 5, '7.0063486', '100.49869669999998', '0', '7.015371692886853', '100.50761215388775', '0', 'motercycle', 3.59, 2, 7.18, 'wait', '2017-09-22 16:53:13'),
(133, 2, 5, '7.0063486', '100.49869669999998', '0', '7.014647593387449', '100.50499431788921', '0', 'motercycle', 3.086, 2, 6.172, 'wait', '2017-09-22 16:53:21'),
(134, 2, 5, '7.0063486', '100.49869669999998', '0', '6.998376354987077', '100.48473827540874', '0', 'motercycle', 2.564, 2, 5.128, 'wait', '2017-09-22 16:53:28'),
(135, 2, 5, '7.0063486', '100.49869669999998', '0', '7.00148582400909', '100.49774162471294', '0', 'motercycle', 0.982, 2, 1.964, 'wait', '2017-09-22 16:53:36'),
(136, 2, 5, '7.0063486', '100.49869669999998', '0', '6.995607632258655', '100.51272377371788', '0', 'motercycle', 3.255, 2, 6.51, 'wait', '2017-09-22 16:53:48'),
(137, 1, 4, '7.906063400000001', '98.36658050000005', '0', '7.759129793877661', '98.30360412597656', '0', 'motercycle', 20.237, 2, 40.474, 'wait', '2017-09-22 16:56:27'),
(138, 1, 4, '7.906063400000001', '98.36658050000005', '0', '7.893649112474572', '98.3796501159668', '0', 'motercycle', 5.49, 2, 10.98, 'wait', '2017-09-22 16:56:32'),
(139, 1, 4, '7.906063400000001', '98.36658050000005', '0', '7.861681329197523', '98.40059280395508', '0', 'motercycle', 8.378, 2, 16.756, 'wait', '2017-09-22 16:56:37'),
(140, 1, 4, '7.906063400000001', '98.36658050000005', '0', '7.893649112474572', '98.3796501159668', '0', 'motercycle', 5.49, 2, 10.98, 'wait', '2017-09-22 16:56:42'),
(141, 1, 4, '7.906063400000001', '98.36658050000005', '0', '7.91056723174587', '98.38518619537354', '0', 'motercycle', 2.591, 2, 5.182, 'wait', '2017-09-22 16:56:48'),
(142, 1, 4, '7.906063400000001', '98.36658050000005', '0', '7.893649112474572', '98.3796501159668', '0', 'motercycle', 5.49, 2, 10.98, 'wait', '2017-09-22 16:56:53'),
(143, 1, 4, '7.906063400000001', '98.36658050000005', '0', '7.891948760651239', '98.36819171905518', '0', 'motercycle', 2.18, 2, 4.36, 'wait', '2017-09-22 16:57:03'),
(144, 1, 4, '7.906063400000001', '98.36658050000005', '0', '7.759129793877661', '98.30360412597656', '0', 'motercycle', 20.237, 2, 40.474, 'wait', '2017-09-22 16:57:09'),
(145, 1, 4, '7.906063400000001', '98.36658050000005', '0', '7.893649112474572', '98.3796501159668', '0', 'motercycle', 5.49, 2, 10.98, 'wait', '2017-09-22 16:57:29'),
(146, 1, 4, '7.906063400000001', '98.36658050000005', '0', '7.893649112474572', '98.3796501159668', '0', 'motercycle', 5.49, 2, 10.98, 'wait', '2017-09-22 16:57:33'),
(147, 1, 4, '7.906063400000001', '98.36658050000005', '0', '7.912862601519972', '98.35574626922607', '0', 'motercycle', 4.244, 2, 8.488, 'wait', '2017-09-22 16:57:38'),
(148, 1, 4, '7.906063400000001', '98.36658050000005', '0', '7.8832343478023645', '98.39231014251709', '0', 'motercycle', 5.247, 2, 10.494, 'wait', '2017-09-22 16:57:42'),
(149, 1, 4, '7.8999066', '98.37768359999995', '0', '7.89339406014704', '98.35724830627441', '0', 'motercycle', 5.005, 2, 10.01, 'wait', '2017-09-22 17:06:21'),
(150, 1, 4, '7.906063400000001', '98.36658050000005', '0', '7.907549226117662', '98.38080883026123', '0', 'motercycle', 2.069, 2, 4.138, 'wait', '2017-09-22 17:07:14'),
(151, 1, 4, '7.906063400000001', '98.36658050000005', '0', '7.908526892330979', '98.34776401519775', '0', 'motercycle', 3.364, 2, 6.728, 'wait', '2017-09-22 17:07:22'),
(152, 1, 4, '7.906063400000001', '98.36658050000005', '0', '7.902533336938315', '98.34372997283936', '0', 'motercycle', 5.876, 2, 11.752, 'wait', '2017-09-22 17:07:27'),
(153, 1, 4, '7.906063400000001', '98.36658050000005', '0', '7.893649112474572', '98.3796501159668', '0', 'motercycle', 5.49, 2, 10.98, 'wait', '2017-09-22 17:07:34'),
(154, 1, 4, '7.906063400000001', '98.36658050000005', '0', '7.759129793877661', '98.30360412597656', '0', 'motercycle', 20.237, 2, 40.474, 'wait', '2017-09-22 17:07:52'),
(155, 1, 4, '7.906063400000001', '98.36658050000005', '0', '7.893649112474572', '98.3796501159668', '0', 'motercycle', 5.49, 2, 10.98, 'wait', '2017-09-22 17:07:57'),
(156, 1, 4, '7.906063400000001', '98.36658050000005', '0', '7.908229341989625', '98.3811092376709', '0', 'motercycle', 2.093, 2, 4.186, 'wait', '2017-09-22 17:08:01'),
(157, 1, 4, '7.906063400000001', '98.36658050000005', '0', '7.896922270036417', '98.38407039642334', '0', 'motercycle', 2.773, 2, 5.546, 'wait', '2017-09-22 17:08:05'),
(158, 1, 4, '7.906063400000001', '98.36658050000005', '0', '7.893649112474572', '98.3796501159668', '0', 'motercycle', 5.49, 2, 10.98, 'wait', '2017-09-22 17:08:11'),
(159, 5, 6, '13.1683118', '100.93145920000006', '0', '13.215213662455822', '101.05653762817383', '0', 'motercycle', 23.124, 2, 46.248, 'cancle', '2017-09-22 17:12:37'),
(160, 2, 5, '7.0063486', '100.49869669999998', '0', '7.011623400954923', '100.47022819519043', '0', 'motercycle', 3.798, 2, 7.596, 'wait', '2017-09-22 17:14:04');

-- --------------------------------------------------------

--
-- Table structure for table `user_outgoing_detail`
--

CREATE TABLE `user_outgoing_detail` (
  `user_outgoing_detail_id` int(11) NOT NULL,
  `user_outgoing_id` int(11) NOT NULL,
  `start_lat` varchar(100) COLLATE utf8_bin NOT NULL,
  `start_lng` varchar(100) COLLATE utf8_bin NOT NULL,
  `end_lat` varchar(100) COLLATE utf8_bin NOT NULL,
  `end_lng` varchar(100) COLLATE utf8_bin NOT NULL,
  `distance` varchar(60) COLLATE utf8_bin NOT NULL,
  `instruction` varchar(200) COLLATE utf8_bin NOT NULL
) ENGINE=InnoDB DEFAULT CHARSET=utf8 COLLATE=utf8_bin;

--
-- Dumping data for table `user_outgoing_detail`
--

INSERT INTO `user_outgoing_detail` (`user_outgoing_detail_id`, `user_outgoing_id`, `start_lat`, `start_lng`, `end_lat`, `end_lng`, `distance`, `instruction`) VALUES
(432, 46, '7.0063486', '100.4986967', '7.0065121', '100.4989402', '43 m', 'Head north'),
(433, 46, '7.0065121', '100.4989402', '7.0066032', '100.4989351', '10 m', 'Turn left'),
(434, 46, '7.0066032', '100.4989351', '7.0064599', '100.4971476', '0.2 km', 'Turn left'),
(435, 46, '7.0064599', '100.4971476', '7.00832', '100.4970809', '0.2 km', 'Turn right'),
(436, 46, '7.00832', '100.4970809', '7.0083754', '100.4964574', '69 m', 'Turn left toward Route 407'),
(437, 46, '7.0083754', '100.4964574', '7.0084912', '100.4939166', '0.3 km', 'At the roundabout, take the 2nd exit'),
(438, 46, '7.0084912', '100.4939166', '6.9747101', '100.4794956', '4.1 km', 'Turn left at แยก มหาวิทยาลัยสงขลานครินทร์ onto Route 407'),
(439, 46, '6.9747101', '100.4794956', '6.9755422', '100.4757966', '0.5 km', 'Turn right at ทางแยก คลองหวะ onto Route 4'),
(440, 46, '6.9755422', '100.4757966', '6.976191', '100.4742043', '0.2 km', 'Slight right to stay on Route 4'),
(441, 46, '6.976191', '100.4742043', '6.9863684', '100.4327998', '4.7 km', 'Keep right to stay on Route 4'),
(442, 46, '6.9863684', '100.4327998', '6.9867453', '100.4291065', '0.4 km', 'Keep left'),
(443, 46, '6.9867453', '100.4291065', '6.9368309', '100.3944334', '7.5 km', 'Turn left at ทางแยก สนามบินใน onto Route 4135'),
(444, 47, '7.0063486', '100.4986967', '7.0065121', '100.4989402', '43 m', 'Head north'),
(445, 47, '7.0065121', '100.4989402', '7.0066032', '100.4989351', '10 m', 'Turn left'),
(446, 47, '7.0066032', '100.4989351', '7.0064599', '100.4971476', '0.2 km', 'Turn left'),
(447, 47, '7.0064599', '100.4971476', '7.00832', '100.4970809', '0.2 km', 'Turn right'),
(448, 47, '7.00832', '100.4970809', '7.0083754', '100.4964574', '69 m', 'Turn left toward Route 407'),
(449, 47, '7.0083754', '100.4964574', '7.0084912', '100.4939166', '0.3 km', 'At the roundabout, take the 2nd exit'),
(450, 47, '7.0084912', '100.4939166', '7.0183507', '100.4972365', '1.2 km', 'Turn right at แยก มหาวิทยาลัยสงขลานครินทร์ onto Route 407'),
(451, 47, '7.0183507', '100.4972365', '7.018211', '100.497947', '80 m', 'Turn right'),
(452, 47, '7.018211', '100.497947', '7.0168599', '100.4977112', '0.2 km', 'Turn right'),
(453, 47, '7.0168599', '100.4977112', '7.0165378', '100.4993213', '0.2 km', 'Turn left'),
(454, 47, '7.0165378', '100.4993213', '7.0164238', '100.499292', '13 m', 'Turn right'),
(455, 47, '7.0164238', '100.499292', '7.0152506', '100.5046297', '0.6 km', 'Turn left'),
(456, 47, '7.0152506', '100.5046297', '7.0148709', '100.5045356', '43 m', 'Turn right'),
(457, 48, '7.0063486', '100.4986967', '7.0065121', '100.4989402', '43 m', 'Head north'),
(458, 48, '7.0065121', '100.4989402', '7.0066032', '100.4989351', '10 m', 'Turn left'),
(459, 48, '7.0066032', '100.4989351', '7.0064599', '100.4971476', '0.2 km', 'Turn left'),
(460, 48, '7.0064599', '100.4971476', '7.00832', '100.4970809', '0.2 km', 'Turn right'),
(461, 48, '7.00832', '100.4970809', '7.0083754', '100.4964574', '69 m', 'Turn left toward ถนน ศุภสารรังสรรค์'),
(462, 48, '7.0083754', '100.4964574', '7.0084912', '100.4939166', '0.3 km', 'At the roundabout, take the 2nd exit'),
(463, 48, '7.0084912', '100.4939166', '7.008926', '100.4812799', '1.4 km', 'At แยก มหาวิทยาลัยสงขลานครินทร์, continue onto ถนน ศุภสารรังสรรค์'),
(464, 48, '7.008926', '100.4812799', '7.0092209', '100.4812389', '43 m', 'Turn right onto ถนน ราษฎร์ยินดี'),
(465, 48, '7.0092209', '100.4812389', '7.008891', '100.4765507', '0.5 km', 'Turn left at the 1st cross street onto ถนน ศุภสารรังสรรค์'),
(466, 48, '7.008891', '100.4765507', '7.0103373', '100.476474', '0.2 km', 'Turn right onto ศุภสารรังสรรค์ ซอย 3'),
(467, 48, '7.0103373', '100.476474', '7.0105284', '100.4700666', '0.7 km', 'Turn left onto ถนน แสงศรี'),
(468, 48, '7.0105284', '100.4700666', '7.0115981', '100.4703135', '0.1 km', 'Turn right at ทางแยก แ ส ง ด่ ธี onto ถนน เพชรเกษมDestination will be on the left'),
(469, 49, '7.9060634', '98.3665805', '7.9055949', '98.3669901', '92 m', 'Head south'),
(470, 49, '7.9055949', '98.3669901', '7.9057832', '98.367597', '70 m', 'Continue straight'),
(471, 49, '7.9057832', '98.367597', '7.8876018', '98.3668981', '2.1 km', 'Turn right at ทางแยก สามกอง onto Route 402'),
(472, 49, '7.8876018', '98.3668981', '7.8872047', '98.3666673', '51 m', 'Continue straight to stay on Route 402'),
(473, 49, '7.8872047', '98.3666673', '7.8651011', '98.3483249', '3.6 km', 'Continue onto Route 4022'),
(474, 49, '7.8651011', '98.3483249', '7.8222551', '98.3408296', '5.6 km', 'Continue onto Route 4021'),
(475, 49, '7.8222551', '98.3408296', '7.7757635', '98.3277917', '5.4 km', 'At the roundabout, continue straight onto Route 4024'),
(476, 49, '7.7757635', '98.3277917', '7.7700544', '98.3170765', '1.4 km', 'Turn right onto Route 4233'),
(477, 49, '7.7700544', '98.3170765', '7.7695776', '98.3149857', '0.2 km', 'Continue onto ทางหลวงชนบท ภูเก็ต 4161'),
(478, 49, '7.7695776', '98.3149857', '7.7615468', '98.306267', '1.5 km', 'Turn left onto Route 4233'),
(479, 49, '7.7615468', '98.306267', '7.7616339', '98.3051842', '0.1 km', 'Slight left'),
(480, 50, '7.9060634', '98.3665805', '7.9060634', '98.3665805', '1 m', 'Head'),
(481, 51, '13.1683118', '100.9314592', '13.2138888', '100.9428293', '5.4 km', 'Head north on Route 3 toward ศรีราชานคร 4'),
(482, 51, '13.2138888', '100.9428293', '13.2222409', '100.9629911', '2.8 km', 'Turn right onto ถนน สุขาภิบาล 7/ถนน เทศบาล 7Continue to follow ถนน เทศบาล 7'),
(483, 51, '13.2222409', '100.9629911', '13.2226988', '100.9631035', '52 m', 'Continue onto ถนน สุขาภิบาล 7/ถนน เทศบาล 9'),
(484, 51, '13.2226988', '100.9631035', '13.2110306', '101.0016098', '7.9 km', 'Turn right onto Route 3144'),
(485, 51, '13.2110306', '101.0016098', '13.2076816', '101.0067325', '0.7 km', 'Turn left to stay on Route 3144'),
(486, 51, '13.2076816', '101.0067325', '13.2047173', '101.0203029', '1.6 km', 'Merge onto ชบ.4036'),
(487, 51, '13.2047173', '101.0203029', '13.2108502', '101.0240469', '0.8 km', 'Turn left to stay on ชบ.4036'),
(488, 51, '13.2108502', '101.0240469', '13.214434', '101.0552517', '3.6 km', 'Turn right to stay on ชบ.4036'),
(489, 51, '13.214434', '101.0552517', '13.2150777', '101.0565592', '0.2 km', 'Turn leftDestination will be on the left'),
(490, 52, '13.1683118', '100.9314592', '13.172763', '100.9315063', '0.5 km', 'Head north on Route 3 toward ศรีราชานคร 4'),
(491, 52, '13.172763', '100.9315063', '13.1727601', '100.9318952', '56 m', 'Turn right at แยก วัดวังหิน onto ถนน สุรศักดิ์ 2'),
(492, 52, '13.1727601', '100.9318952', '13.1703628', '100.9468482', '1.8 km', 'ถนน สุรศักดิ์ 2 turns slightly left and becomes วัดวังหิน 2'),
(493, 52, '13.1703628', '100.9468482', '13.1702477', '100.9468714', '13 m', 'Turn right onto ซอย ศรีราชา-หนองค้อ 13'),
(494, 52, '13.1702477', '100.9468714', '13.172016', '100.9569995', '1.2 km', 'Turn left'),
(495, 52, '13.172016', '100.9569995', '13.164195', '100.9699033', '1.9 km', 'Turn right onto ซอย นาพร้าว'),
(496, 52, '13.164195', '100.9699033', '13.1644403', '100.9706745', '88 m', 'Turn left to stay on ซอย นาพร้าว'),
(497, 52, '13.1644403', '100.9706745', '13.1729623', '100.9772516', '1.2 km', 'Slight left onto ศรีราชา-หนองค้อ 29Destination will be on the left'),
(498, 53, '7.0063486', '100.4986967', '7.0065121', '100.4989402', '43 m', 'Head north'),
(499, 53, '7.0065121', '100.4989402', '7.0066032', '100.4989351', '10 m', 'Turn left'),
(500, 53, '7.0066032', '100.4989351', '7.0064599', '100.4971476', '0.2 km', 'Turn left'),
(501, 53, '7.0064599', '100.4971476', '7.00832', '100.4970809', '0.2 km', 'Turn right'),
(502, 53, '7.00832', '100.4970809', '7.0083754', '100.4964574', '69 m', 'Turn left toward Route 407'),
(503, 53, '7.0083754', '100.4964574', '7.0084912', '100.4939166', '0.3 km', 'At the roundabout, take the 2nd exit'),
(504, 53, '7.0084912', '100.4939166', '6.990453', '100.4844163', '2.3 km', 'Turn left at แยก มหาวิทยาลัยสงขลานครินทร์ onto Route 407'),
(505, 53, '6.990453', '100.4844163', '6.9903206', '100.4840547', '0.6 km', 'Slight left'),
(506, 53, '6.9903206', '100.4840547', '6.9910675', '100.4827015', '0.2 km', 'Turn left onto Kanjanawanich 28 RoadDestination will be on the right'),
(507, 54, '7.9060634', '98.3665805', '7.9055949', '98.3669901', '92 m', 'Head south'),
(508, 54, '7.9055949', '98.3669901', '7.9057832', '98.367597', '70 m', 'Continue straight'),
(509, 54, '7.9057832', '98.367597', '7.8897417', '98.3681167', '1.9 km', 'Turn right at ทางแยก สามกอง onto Route 402'),
(510, 54, '7.8897417', '98.3681167', '7.8869543', '98.3738169', '0.7 km', 'Turn left onto Route 4020'),
(511, 54, '7.8869543', '98.3738169', '7.8848934', '98.3824392', '1.0 km', 'Continue onto ถนน วิชิตสงคราม'),
(512, 54, '7.8848934', '98.3824392', '7.8851524', '98.385229', '0.3 km', 'Continue onto ถนน กระบี่'),
(513, 54, '7.8851524', '98.385229', '7.8865735', '98.3854144', '0.2 km', 'ถนน กระบี่ turns left and becomes ถนน สตูล'),
(514, 54, '7.8865735', '98.3854144', '7.8859255', '98.3905452', '0.6 km', 'Turn right onto ถนน ดีบุก'),
(515, 54, '7.8859255', '98.3905452', '7.8846489', '98.3907858', '0.1 km', 'Turn right onto ถนน เทพกระษัตรี'),
(516, 54, '7.8846489', '98.3907858', '7.8835737', '98.3908539', '0.1 km', 'Continue onto ถนน ภูเก็ต'),
(517, 54, '7.8835737', '98.3908539', '7.8834764', '98.3921835', '0.1 km', 'Turn left at สี่แยก ธนาคารชาร์เตอร์ onto ถนน พังงา'),
(518, 54, '7.8834764', '98.3921835', '7.883389', '98.3921556', '10 m', 'Turn right'),
(519, 54, '7.883389', '98.3921556', '7.8833759', '98.3923215', '18 m', 'Turn leftDestination will be on the right'),
(520, 55, '13.1683118', '100.9314592', '13.172763', '100.9315063', '0.5 km', 'Head north on Route 3 toward ศรีราชานคร 4'),
(521, 55, '13.172763', '100.9315063', '13.1734579', '100.926483', '0.5 km', 'Turn left at แยก วัดวังหิน onto ถนน สุรศักดิ์ 2'),
(522, 55, '13.1734579', '100.926483', '13.1739674', '100.920976', '0.6 km', 'At the roundabout, take the 2nd exit'),
(523, 55, '13.1739674', '100.920976', '13.1743273', '100.9205278', '75 m', 'At the roundabout, take the 1st exit'),
(524, 55, '13.1743273', '100.9205278', '13.1741619', '100.9202598', '35 m', 'Turn left'),
(525, 55, '13.1741619', '100.9202598', '13.1734132', '100.9200495', '86 m', 'Turn left'),
(526, 55, '13.1734132', '100.9200495', '13.1735648', '100.9198416', '28 m', 'Turn rightDestination will be on the right'),
(527, 56, '7.0063486', '100.4986967', '7.0065121', '100.4989402', '43 m', 'Head north'),
(528, 56, '7.0065121', '100.4989402', '7.0066032', '100.4989351', '10 m', 'Turn left'),
(529, 56, '7.0066032', '100.4989351', '7.0064599', '100.4971476', '0.2 km', 'Turn left'),
(530, 56, '7.0064599', '100.4971476', '7.00832', '100.4970809', '0.2 km', 'Turn right'),
(531, 56, '7.00832', '100.4970809', '7.0083754', '100.4964574', '69 m', 'Turn left toward ถนน ศุภสารรังสรรค์'),
(532, 56, '7.0083754', '100.4964574', '7.0084912', '100.4939166', '0.3 km', 'At the roundabout, take the 2nd exit'),
(533, 56, '7.0084912', '100.4939166', '7.008926', '100.4812799', '1.4 km', 'At แยก มหาวิทยาลัยสงขลานครินทร์, continue onto ถนน ศุภสารรังสรรค์'),
(534, 56, '7.008926', '100.4812799', '7.0092209', '100.4812389', '43 m', 'Turn right onto ถนน ราษฎร์ยินดี'),
(535, 56, '7.0092209', '100.4812389', '7.008891', '100.4765507', '0.5 km', 'Turn left at the 1st cross street onto ถนน ศุภสารรังสรรค์'),
(536, 56, '7.008891', '100.4765507', '7.0103373', '100.476474', '0.2 km', 'Turn right onto ศุภสารรังสรรค์ ซอย 3'),
(537, 56, '7.0103373', '100.476474', '7.0105284', '100.4700666', '0.7 km', 'Turn left onto ถนน แสงศรี'),
(538, 56, '7.0105284', '100.4700666', '7.0115981', '100.4703135', '0.1 km', 'Turn right at ทางแยก แ ส ง ด่ ธี onto ถนน เพชรเกษมDestination will be on the left'),
(539, 57, '7.0063486', '100.4986967', '7.0065121', '100.4989402', '43 m', 'Head north'),
(540, 57, '7.0065121', '100.4989402', '7.0066032', '100.4989351', '10 m', 'Turn left'),
(541, 57, '7.0066032', '100.4989351', '7.0064599', '100.4971476', '0.2 km', 'Turn left'),
(542, 57, '7.0064599', '100.4971476', '7.00832', '100.4970809', '0.2 km', 'Turn right'),
(543, 57, '7.00832', '100.4970809', '7.0083754', '100.4964574', '69 m', 'Turn left toward Route 407'),
(544, 57, '7.0083754', '100.4964574', '7.0084912', '100.4939166', '0.3 km', 'At the roundabout, take the 2nd exit'),
(545, 57, '7.0084912', '100.4939166', '6.9747101', '100.4794956', '4.1 km', 'Turn left at แยก มหาวิทยาลัยสงขลานครินทร์ onto Route 407'),
(546, 57, '6.9747101', '100.4794956', '6.9755422', '100.4757966', '0.5 km', 'Turn right at ทางแยก คลองหวะ onto Route 4'),
(547, 57, '6.9755422', '100.4757966', '6.976191', '100.4742043', '0.2 km', 'Slight right to stay on Route 4'),
(548, 57, '6.976191', '100.4742043', '6.9863684', '100.4327998', '4.7 km', 'Keep right to stay on Route 4'),
(549, 57, '6.9863684', '100.4327998', '6.9867453', '100.4291065', '0.4 km', 'Keep left'),
(550, 57, '6.9867453', '100.4291065', '6.9368309', '100.3944334', '7.5 km', 'Turn left at ทางแยก สนามบินใน onto Route 4135'),
(551, 58, '7.9060634', '98.3665805', '7.9055949', '98.3669901', '92 m', 'Head south'),
(552, 58, '7.9055949', '98.3669901', '7.9057832', '98.367597', '70 m', 'Continue straight'),
(553, 58, '7.9057832', '98.367597', '7.8876018', '98.3668981', '2.1 km', 'Turn right at ทางแยก สามกอง onto Route 402'),
(554, 58, '7.8876018', '98.3668981', '7.8872047', '98.3666673', '51 m', 'Continue straight to stay on Route 402'),
(555, 58, '7.8872047', '98.3666673', '7.8651011', '98.3483249', '3.6 km', 'Continue onto Route 4022'),
(556, 58, '7.8651011', '98.3483249', '7.8222551', '98.3408296', '5.6 km', 'Continue onto Route 4021'),
(557, 58, '7.8222551', '98.3408296', '7.7757635', '98.3277917', '5.4 km', 'At the roundabout, continue straight onto Route 4024'),
(558, 58, '7.7757635', '98.3277917', '7.7700544', '98.3170765', '1.4 km', 'Turn right onto Route 4233'),
(559, 58, '7.7700544', '98.3170765', '7.7695776', '98.3149857', '0.2 km', 'Continue onto ทางหลวงชนบท ภูเก็ต 4161'),
(560, 58, '7.7695776', '98.3149857', '7.7615468', '98.306267', '1.5 km', 'Turn left onto Route 4233'),
(561, 58, '7.7615468', '98.306267', '7.7616339', '98.3051842', '0.1 km', 'Slight left'),
(562, 59, '7.8918067', '98.3686477', '7.8920939', '98.3664394', '0.4 km', 'Head north toward Route 4020'),
(563, 59, '7.8920939', '98.3664394', '7.8869543', '98.3738169', '1.0 km', 'Turn left onto Route 4020'),
(564, 59, '7.8869543', '98.3738169', '7.8848934', '98.3824392', '1.0 km', 'Continue onto ถนน วิชิตสงคราม'),
(565, 59, '7.8848934', '98.3824392', '7.8851524', '98.385229', '0.3 km', 'Continue onto ถนน กระบี่'),
(566, 59, '7.8851524', '98.385229', '7.8865735', '98.3854144', '0.2 km', 'ถนน กระบี่ turns left and becomes ถนน สตูล'),
(567, 59, '7.8865735', '98.3854144', '7.8859255', '98.3905452', '0.6 km', 'Turn right onto ถนน ดีบุก'),
(568, 59, '7.8859255', '98.3905452', '7.8846489', '98.3907858', '0.1 km', 'Turn right onto ถนน เทพกระษัตรี'),
(569, 59, '7.8846489', '98.3907858', '7.8835737', '98.3908539', '0.1 km', 'Continue onto ถนน ภูเก็ต'),
(570, 59, '7.8835737', '98.3908539', '7.8834764', '98.3921835', '0.1 km', 'Turn left at สี่แยก ธนาคารชาร์เตอร์ onto ถนน พังงา'),
(571, 59, '7.8834764', '98.3921835', '7.883389', '98.3921556', '10 m', 'Turn right'),
(572, 59, '7.883389', '98.3921556', '7.8833759', '98.3923215', '18 m', 'Turn leftDestination will be on the right'),
(573, 60, '7.9060634', '98.3665805', '7.9055949', '98.3669901', '92 m', 'Head south'),
(574, 60, '7.9055949', '98.3669901', '7.9057832', '98.367597', '70 m', 'Continue straight'),
(575, 60, '7.9057832', '98.367597', '7.9060808', '98.3691037', '0.2 km', 'Continue straight through ทางแยก สามกอง onto ถนนเยาวราช'),
(576, 60, '7.9060808', '98.3691037', '7.9081174', '98.3498122', '2.3 km', 'Make a U-turn'),
(577, 60, '7.9081174', '98.3498122', '7.9059702', '98.3574904', '0.9 km', 'Make a U-turnDestination will be on the left'),
(578, 61, '7.9060634', '98.3665805', '7.9055949', '98.3669901', '92 m', 'Head south'),
(579, 61, '7.9055949', '98.3669901', '7.9057832', '98.367597', '70 m', 'Continue straight'),
(580, 61, '7.9057832', '98.367597', '7.8902007', '98.3683494', '1.8 km', 'Turn right at ทางแยก สามกอง onto Route 402'),
(581, 61, '7.8902007', '98.3683494', '7.8917673', '98.3688001', '0.2 km', 'Make a U-turn'),
(582, 61, '7.8917673', '98.3688001', '7.8918067', '98.3686477', '17 m', 'Turn left'),
(583, 62, '7.9060634', '98.3665805', '7.9055949', '98.3669901', '92 m', 'Head south'),
(584, 62, '7.9055949', '98.3669901', '7.9057832', '98.367597', '70 m', 'Continue straight'),
(585, 62, '7.9057832', '98.367597', '7.8897417', '98.3681167', '1.9 km', 'Turn right at ทางแยก สามกอง onto Route 402'),
(586, 62, '7.8897417', '98.3681167', '7.8869543', '98.3738169', '0.7 km', 'Turn left onto Route 4020'),
(587, 62, '7.8869543', '98.3738169', '7.8848934', '98.3824392', '1.0 km', 'Continue onto ถนน วิชิตสงคราม'),
(588, 62, '7.8848934', '98.3824392', '7.8851524', '98.385229', '0.3 km', 'Continue onto ถนน กระบี่'),
(589, 62, '7.8851524', '98.385229', '7.8865735', '98.3854144', '0.2 km', 'ถนน กระบี่ turns left and becomes ถนน สตูล'),
(590, 62, '7.8865735', '98.3854144', '7.8859255', '98.3905452', '0.6 km', 'Turn right onto ถนน ดีบุก'),
(591, 62, '7.8859255', '98.3905452', '7.8846489', '98.3907858', '0.1 km', 'Turn right onto ถนน เทพกระษัตรี'),
(592, 62, '7.8846489', '98.3907858', '7.8835737', '98.3908539', '0.1 km', 'Continue onto ถนน ภูเก็ต'),
(593, 62, '7.8835737', '98.3908539', '7.8834764', '98.3921835', '0.1 km', 'Turn left at สี่แยก ธนาคารชาร์เตอร์ onto ถนน พังงา'),
(594, 62, '7.8834764', '98.3921835', '7.883389', '98.3921556', '10 m', 'Turn right'),
(595, 62, '7.883389', '98.3921556', '7.8833759', '98.3923215', '18 m', 'Turn leftDestination will be on the right'),
(596, 63, '7.9060634', '98.3665805', '7.9060134', '98.3665967', '6 m', 'Head south'),
(597, 63, '7.9060134', '98.3665967', '7.9068956', '98.3669154', '0.2 km', 'Make a U-turn'),
(598, 63, '7.9068956', '98.3669154', '7.9066432', '98.3669191', '28 m', 'Turn right'),
(599, 64, '7.9060634', '98.3665805', '7.9055949', '98.3669901', '92 m', 'Head south'),
(600, 64, '7.9055949', '98.3669901', '7.9057832', '98.367597', '70 m', 'Continue straight'),
(601, 64, '7.9057832', '98.367597', '7.8902007', '98.3683494', '1.8 km', 'Turn right at ทางแยก สามกอง onto Route 402'),
(602, 64, '7.8902007', '98.3683494', '7.8917673', '98.3688001', '0.2 km', 'Make a U-turn'),
(603, 64, '7.8917673', '98.3688001', '7.8918067', '98.3686477', '17 m', 'Turn left'),
(604, 65, '7.0063486', '100.4986967', '7.0065121', '100.4989402', '43 m', 'Head north'),
(605, 65, '7.0065121', '100.4989402', '7.0066032', '100.4989351', '10 m', 'Turn left'),
(606, 65, '7.0066032', '100.4989351', '7.0064599', '100.4971476', '0.2 km', 'Turn left'),
(607, 65, '7.0064599', '100.4971476', '7.00832', '100.4970809', '0.2 km', 'Turn right'),
(608, 65, '7.00832', '100.4970809', '7.0083754', '100.4964574', '69 m', 'Turn left toward Route 407'),
(609, 65, '7.0083754', '100.4964574', '7.0084912', '100.4939166', '0.3 km', 'At the roundabout, take the 2nd exit'),
(610, 65, '7.0084912', '100.4939166', '6.9747101', '100.4794956', '4.1 km', 'Turn left at แยก มหาวิทยาลัยสงขลานครินทร์ onto Route 407'),
(611, 65, '6.9747101', '100.4794956', '6.9755422', '100.4757966', '0.5 km', 'Turn right at ทางแยก คลองหวะ onto Route 4'),
(612, 65, '6.9755422', '100.4757966', '6.976191', '100.4742043', '0.2 km', 'Slight right to stay on Route 4'),
(613, 65, '6.976191', '100.4742043', '6.9863684', '100.4327998', '4.7 km', 'Keep right to stay on Route 4'),
(614, 65, '6.9863684', '100.4327998', '6.9867453', '100.4291065', '0.4 km', 'Keep left'),
(615, 65, '6.9867453', '100.4291065', '6.9368309', '100.3944334', '7.5 km', 'Turn left at ทางแยก สนามบินใน onto Route 4135'),
(616, 66, '7.0063486', '100.4986967', '7.0065121', '100.4989402', '43 m', 'Head north'),
(617, 66, '7.0065121', '100.4989402', '7.0066032', '100.4989351', '10 m', 'Turn left'),
(618, 66, '7.0066032', '100.4989351', '7.0064599', '100.4971476', '0.2 km', 'Turn left'),
(619, 66, '7.0064599', '100.4971476', '7.00832', '100.4970809', '0.2 km', 'Turn right'),
(620, 66, '7.00832', '100.4970809', '7.0083754', '100.4964574', '69 m', 'Turn left toward ถนน ศุภสารรังสรรค์'),
(621, 66, '7.0083754', '100.4964574', '7.0084912', '100.4939166', '0.3 km', 'At the roundabout, take the 2nd exit'),
(622, 66, '7.0084912', '100.4939166', '7.008926', '100.4812799', '1.4 km', 'At แยก มหาวิทยาลัยสงขลานครินทร์, continue onto ถนน ศุภสารรังสรรค์'),
(623, 66, '7.008926', '100.4812799', '7.0092209', '100.4812389', '43 m', 'Turn right onto ถนน ราษฎร์ยินดี'),
(624, 66, '7.0092209', '100.4812389', '7.008891', '100.4765507', '0.5 km', 'Turn left at the 1st cross street onto ถนน ศุภสารรังสรรค์'),
(625, 66, '7.008891', '100.4765507', '7.0103373', '100.476474', '0.2 km', 'Turn right onto ศุภสารรังสรรค์ ซอย 3'),
(626, 66, '7.0103373', '100.476474', '7.0105284', '100.4700666', '0.7 km', 'Turn left onto ถนน แสงศรี'),
(627, 66, '7.0105284', '100.4700666', '7.0115981', '100.4703135', '0.1 km', 'Turn right at ทางแยก แ ส ง ด่ ธี onto ถนน เพชรเกษมDestination will be on the left'),
(628, 67, '7.0063486', '100.4986967', '7.0065121', '100.4989402', '43 m', 'Head north'),
(629, 67, '7.0065121', '100.4989402', '7.0066032', '100.4989351', '10 m', 'Turn left'),
(630, 67, '7.0066032', '100.4989351', '7.0064599', '100.4971476', '0.2 km', 'Turn left'),
(631, 67, '7.0064599', '100.4971476', '7.00832', '100.4970809', '0.2 km', 'Turn right'),
(632, 67, '7.00832', '100.4970809', '7.0083754', '100.4964574', '69 m', 'Turn left toward ถนน ศุภสารรังสรรค์'),
(633, 67, '7.0083754', '100.4964574', '7.0084912', '100.4939166', '0.3 km', 'At the roundabout, take the 2nd exit'),
(634, 67, '7.0084912', '100.4939166', '7.008926', '100.4812799', '1.4 km', 'At แยก มหาวิทยาลัยสงขลานครินทร์, continue onto ถนน ศุภสารรังสรรค์'),
(635, 67, '7.008926', '100.4812799', '7.0092209', '100.4812389', '43 m', 'Turn right onto ถนน ราษฎร์ยินดี'),
(636, 67, '7.0092209', '100.4812389', '7.008891', '100.4765507', '0.5 km', 'Turn left at the 1st cross street onto ถนน ศุภสารรังสรรค์'),
(637, 67, '7.008891', '100.4765507', '7.0103373', '100.476474', '0.2 km', 'Turn right onto ศุภสารรังสรรค์ ซอย 3'),
(638, 67, '7.0103373', '100.476474', '7.0105284', '100.4700666', '0.7 km', 'Turn left onto ถนน แสงศรี'),
(639, 67, '7.0105284', '100.4700666', '7.0115981', '100.4703135', '0.1 km', 'Turn right at ทางแยก แ ส ง ด่ ธี onto ถนน เพชรเกษมDestination will be on the left'),
(640, 68, '6.9367854', '100.3938045', '6.9365885', '100.3924768', '0.1 km', 'Head west'),
(641, 68, '6.9365885', '100.3924768', '6.9378918', '100.3923133', '0.1 km', 'Turn right'),
(642, 68, '6.9378918', '100.3923133', '6.9377694', '100.3973733', '0.6 km', 'Turn right'),
(643, 68, '6.9377694', '100.3973733', '6.9392798', '100.3999557', '0.3 km', 'Turn left toward Route 4135'),
(644, 68, '6.9392798', '100.3999557', '6.9954672', '100.4308566', '7.8 km', 'Continue onto Route 4135'),
(645, 68, '6.9954672', '100.4308566', '7.0068378', '100.464678', '4.1 km', 'Turn right at ทางแยก สนามบินนอก onto ถนน เพชรเกษม'),
(646, 68, '7.0068378', '100.464678', '7.0115981', '100.4703135', '1.0 km', 'Slight right to stay on ถนน เพชรเกษมDestination will be on the left'),
(647, 69, '7.0063486', '100.4986967', '7.0065121', '100.4989402', '43 m', 'Head north'),
(648, 69, '7.0065121', '100.4989402', '7.0066032', '100.4989351', '10 m', 'Turn left'),
(649, 69, '7.0066032', '100.4989351', '7.0064599', '100.4971476', '0.2 km', 'Turn left'),
(650, 69, '7.0064599', '100.4971476', '7.00832', '100.4970809', '0.2 km', 'Turn right'),
(651, 69, '7.00832', '100.4970809', '7.0083754', '100.4964574', '69 m', 'Turn left toward Route 407'),
(652, 69, '7.0083754', '100.4964574', '7.0084912', '100.4939166', '0.3 km', 'At the roundabout, take the 2nd exit'),
(653, 69, '7.0084912', '100.4939166', '6.990453', '100.4844163', '2.3 km', 'Turn left at แยก มหาวิทยาลัยสงขลานครินทร์ onto Route 407'),
(654, 69, '6.990453', '100.4844163', '6.9903206', '100.4840547', '0.6 km', 'Slight left'),
(655, 69, '6.9903206', '100.4840547', '6.9910675', '100.4827015', '0.2 km', 'Turn left onto Kanjanawanich 28 RoadDestination will be on the right'),
(656, 70, '7.0063486', '100.4986967', '7.0065121', '100.4989402', '43 m', 'Head north'),
(657, 70, '7.0065121', '100.4989402', '7.0066032', '100.4989351', '10 m', 'Turn left'),
(658, 70, '7.0066032', '100.4989351', '7.0064599', '100.4971476', '0.2 km', 'Turn left'),
(659, 70, '7.0064599', '100.4971476', '7.00832', '100.4970809', '0.2 km', 'Turn right'),
(660, 70, '7.00832', '100.4970809', '7.0083754', '100.4964574', '69 m', 'Turn left toward ถนน ศุภสารรังสรรค์'),
(661, 70, '7.0083754', '100.4964574', '7.0084912', '100.4939166', '0.3 km', 'At the roundabout, take the 2nd exit'),
(662, 70, '7.0084912', '100.4939166', '7.008926', '100.4812799', '1.4 km', 'At แยก มหาวิทยาลัยสงขลานครินทร์, continue onto ถนน ศุภสารรังสรรค์'),
(663, 70, '7.008926', '100.4812799', '7.0092209', '100.4812389', '43 m', 'Turn right onto ถนน ราษฎร์ยินดี'),
(664, 70, '7.0092209', '100.4812389', '7.008891', '100.4765507', '0.5 km', 'Turn left at the 1st cross street onto ถนน ศุภสารรังสรรค์'),
(665, 70, '7.008891', '100.4765507', '7.0103373', '100.476474', '0.2 km', 'Turn right onto ศุภสารรังสรรค์ ซอย 3'),
(666, 70, '7.0103373', '100.476474', '7.0105284', '100.4700666', '0.7 km', 'Turn left onto ถนน แสงศรี'),
(667, 70, '7.0105284', '100.4700666', '7.0115981', '100.4703135', '0.1 km', 'Turn right at ทางแยก แ ส ง ด่ ธี onto ถนน เพชรเกษมDestination will be on the left'),
(668, 71, '6.9910675', '100.4827015', '6.9912018', '100.4823832', '38 m', 'Head northwest on Kanjanawanich 28 Road'),
(669, 71, '6.9912018', '100.4823832', '6.9905864', '100.4821348', '74 m', 'Turn left toward ถนน เทียนจ่อสงเคราะห์ 1'),
(670, 71, '6.9905864', '100.4821348', '6.9897458', '100.481794', '0.1 km', 'Continue onto ถนน เทียนจ่อสงเคราะห์ 1'),
(671, 71, '6.9897458', '100.481794', '6.9914247', '100.4772068', '0.5 km', 'Turn right onto ถนน เทียนจ่ออุทิศ 1'),
(672, 71, '6.9914247', '100.4772068', '6.9958122', '100.4747734', '0.6 km', 'Turn right onto ซอย ทุ่งเสา 1'),
(673, 71, '6.9958122', '100.4747734', '6.9948011', '100.4727193', '0.3 km', 'ซอย ทุ่งเสา 1 turns left and becomes ถนน จันทร์นิเวศน์ 2'),
(674, 71, '6.9948011', '100.4727193', '6.9978628', '100.4717264', '0.4 km', 'Turn right onto ซอย นิพัทธ์ภักดี'),
(675, 71, '6.9978628', '100.4717264', '6.997902', '100.4711139', '68 m', 'Turn left onto ถนน ศรีภูวนารถ'),
(676, 71, '6.997902', '100.4711139', '7.0075219', '100.4696591', '1.1 km', 'Turn right onto ถนน นิพัทธ์อุทิศ 2'),
(677, 71, '7.0075219', '100.4696591', '7.007515', '100.4690919', '63 m', 'Turn left onto ถนน ศุภสารรังสรรค์'),
(678, 71, '7.007515', '100.4690919', '7.0115981', '100.4703135', '0.5 km', 'Turn right at แยก สะพานลอย onto ถนน เพชรเกษมDestination will be on the left'),
(679, 72, '6.9910675', '100.4827015', '6.9912018', '100.4823832', '38 m', 'Head northwest on Kanjanawanich 28 Road'),
(680, 72, '6.9912018', '100.4823832', '6.9905864', '100.4821348', '74 m', 'Turn left toward ถนน เทียนจ่อสงเคราะห์ 1'),
(681, 72, '6.9905864', '100.4821348', '6.9897458', '100.481794', '0.1 km', 'Continue onto ถนน เทียนจ่อสงเคราะห์ 1'),
(682, 72, '6.9897458', '100.481794', '6.9914247', '100.4772068', '0.5 km', 'Turn right onto ถนน เทียนจ่ออุทิศ 1'),
(683, 72, '6.9914247', '100.4772068', '6.9958122', '100.4747734', '0.6 km', 'Turn right onto ซอย ทุ่งเสา 1'),
(684, 72, '6.9958122', '100.4747734', '6.9948011', '100.4727193', '0.3 km', 'ซอย ทุ่งเสา 1 turns left and becomes ถนน จันทร์นิเวศน์ 2'),
(685, 72, '6.9948011', '100.4727193', '6.9978628', '100.4717264', '0.4 km', 'Turn right onto ซอย นิพัทธ์ภักดี'),
(686, 72, '6.9978628', '100.4717264', '6.9969367', '100.4656049', '0.7 km', 'Turn left onto ถนน ศรีภูวนารถ'),
(687, 72, '6.9969367', '100.4656049', '6.9963901', '100.4631679', '0.3 km', 'At ทามแยก ด่านกักก้นส้ตว์, continue onto ถนน ศรีภูวนาถ'),
(688, 72, '6.9963901', '100.4631679', '6.9960364', '100.4622036', '0.1 km', 'Continue onto ถนน ศรีภูวนาถใน'),
(689, 72, '6.9960364', '100.4622036', '6.9957456', '100.4613495', '0.1 km', 'Continue onto ถนน ศรีภูวนารถ'),
(690, 72, '6.9957456', '100.4613495', '6.9944105', '100.4565056', '0.6 km', 'Continue onto Route 2029'),
(691, 72, '6.9944105', '100.4565056', '6.9931831', '100.4514479', '0.6 km', 'Continue onto ถนน สมบูรณ์ 2'),
(692, 72, '6.9931831', '100.4514479', '6.9923', '100.4491251', '0.3 km', 'Continue straight'),
(693, 72, '6.9923', '100.4491251', '6.9921079', '100.4485315', '69 m', 'Continue onto เพชรเกษม ซอย 41'),
(694, 72, '6.9921079', '100.4485315', '6.9915799', '100.4303935', '2.0 km', 'Continue straight'),
(695, 72, '6.9915799', '100.4303935', '6.9368309', '100.3944334', '8.1 km', 'Continue onto Route 4135'),
(696, 73, '7.0063486', '100.4986967', '7.0060813', '100.4995061', '0.1 km', 'Head south'),
(697, 73, '7.0060813', '100.4995061', '7.0066251', '100.4994572', '61 m', 'Turn left'),
(698, 73, '7.0066251', '100.4994572', '7.0066637', '100.4998032', '38 m', 'Turn right'),
(699, 73, '7.0066637', '100.4998032', '7.0078307', '100.5005974', '0.2 km', 'Turn left'),
(700, 73, '7.0078307', '100.5005974', '7.0094348', '100.4996342', '0.2 km', 'At the roundabout, take the 1st exit'),
(701, 73, '7.0094348', '100.4996342', '7.0087517', '100.498582', '0.1 km', 'Turn leftDestination will be on the left'),
(702, 74, '7.0063486', '100.4986967', '7.0065121', '100.4989402', '43 m', 'Head north'),
(703, 74, '7.0065121', '100.4989402', '7.0066032', '100.4989351', '10 m', 'Turn left'),
(704, 74, '7.0066032', '100.4989351', '7.0064599', '100.4971476', '0.2 km', 'Turn left'),
(705, 74, '7.0064599', '100.4971476', '7.00832', '100.4970809', '0.2 km', 'Turn right'),
(706, 74, '7.00832', '100.4970809', '7.0083754', '100.4964574', '69 m', 'Turn left toward ถนน ศุภสารรังสรรค์'),
(707, 74, '7.0083754', '100.4964574', '7.0084912', '100.4939166', '0.3 km', 'At the roundabout, take the 2nd exit'),
(708, 74, '7.0084912', '100.4939166', '7.008926', '100.4812799', '1.4 km', 'At แยก มหาวิทยาลัยสงขลานครินทร์, continue onto ถนน ศุภสารรังสรรค์'),
(709, 74, '7.008926', '100.4812799', '7.0092209', '100.4812389', '43 m', 'Turn right onto ถนน ราษฎร์ยินดี'),
(710, 74, '7.0092209', '100.4812389', '7.008891', '100.4765507', '0.5 km', 'Turn left at the 1st cross street onto ถนน ศุภสารรังสรรค์'),
(711, 74, '7.008891', '100.4765507', '7.0103373', '100.476474', '0.2 km', 'Turn right onto ศุภสารรังสรรค์ ซอย 3'),
(712, 74, '7.0103373', '100.476474', '7.0105284', '100.4700666', '0.7 km', 'Turn left onto ถนน แสงศรี'),
(713, 74, '7.0105284', '100.4700666', '7.0115981', '100.4703135', '0.1 km', 'Turn right at ทางแยก แ ส ง ด่ ธี onto ถนน เพชรเกษมDestination will be on the left'),
(714, 75, '7.9060634', '98.3665805', '7.9055949', '98.3669901', '92 m', 'Head south'),
(715, 75, '7.9055949', '98.3669901', '7.9057832', '98.367597', '70 m', 'Continue straight'),
(716, 75, '7.9057832', '98.367597', '7.8897417', '98.3681167', '1.9 km', 'Turn right at ทางแยก สามกอง onto Route 402'),
(717, 75, '7.8897417', '98.3681167', '7.8869991', '98.3736236', '0.7 km', 'Turn left onto Route 4020'),
(718, 75, '7.8869991', '98.3736236', '7.8883413', '98.3821788', '1.0 km', 'Slight left onto ถนน แม่หลวน'),
(719, 75, '7.8883413', '98.3821788', '7.8922284', '98.3816865', '1.2 km', 'Turn left onto ถนน คอซิมบี้'),
(720, 75, '7.8922284', '98.3816865', '7.8936703', '98.379706', '0.6 km', 'Turn left at ซอย วชิระDestination will be on the left'),
(721, 76, '7.9060634', '98.3665805', '7.9055949', '98.3669901', '92 m', 'Head south'),
(722, 76, '7.9055949', '98.3669901', '7.9057832', '98.367597', '70 m', 'Continue straight'),
(723, 76, '7.9057832', '98.367597', '7.8897417', '98.3681167', '1.9 km', 'Turn right at ทางแยก สามกอง onto Route 402'),
(724, 76, '7.8897417', '98.3681167', '7.8869991', '98.3736236', '0.7 km', 'Turn left onto Route 4020'),
(725, 76, '7.8869991', '98.3736236', '7.8883413', '98.3821788', '1.0 km', 'Slight left onto ถนน แม่หลวน'),
(726, 76, '7.8883413', '98.3821788', '7.8922284', '98.3816865', '1.2 km', 'Turn left onto ถนน คอซิมบี้'),
(727, 76, '7.8922284', '98.3816865', '7.8936703', '98.379706', '0.6 km', 'Turn left at ซอย วชิระDestination will be on the left'),
(728, 77, '7.9060634', '98.3665805', '7.9055949', '98.3669901', '92 m', 'Head south'),
(729, 77, '7.9055949', '98.3669901', '7.9057832', '98.367597', '70 m', 'Continue straight'),
(730, 77, '7.9057832', '98.367597', '7.8902007', '98.3683494', '1.8 km', 'Turn right at ทางแยก สามกอง onto Route 402'),
(731, 77, '7.8902007', '98.3683494', '7.8917673', '98.3688001', '0.2 km', 'Make a U-turn'),
(732, 77, '7.8917673', '98.3688001', '7.8918067', '98.3686477', '17 m', 'Turn left'),
(733, 78, '7.8618832', '98.4001951', '7.8620216', '98.4000404', '23 m', 'Head northwest'),
(734, 78, '7.8620216', '98.4000404', '7.8693726', '98.3918605', '1.3 km', 'Continue onto ซอย บางใหญ่'),
(735, 78, '7.8693726', '98.3918605', '7.8695805', '98.3940202', '0.3 km', 'Turn right toward ถนน ภูเก็ต'),
(736, 78, '7.8695805', '98.3940202', '7.880242', '98.3921204', '1.2 km', 'Turn left onto ถนน ภูเก็ต'),
(737, 78, '7.880242', '98.3921204', '7.8830974', '98.3926619', '0.3 km', 'At the roundabout, take the 3rd exit onto ถนน มนตรี'),
(738, 78, '7.8830974', '98.3926619', '7.8833759', '98.3923215', '51 m', 'Turn leftDestination will be on the left'),
(739, 79, '7.9060634', '98.3665805', '7.9055949', '98.3669901', '92 m', 'Head south'),
(740, 79, '7.9055949', '98.3669901', '7.9057832', '98.367597', '70 m', 'Continue straight'),
(741, 79, '7.9057832', '98.367597', '7.8902007', '98.3683494', '1.8 km', 'Turn right at ทางแยก สามกอง onto Route 402'),
(742, 79, '7.8902007', '98.3683494', '7.8917673', '98.3688001', '0.2 km', 'Make a U-turn'),
(743, 79, '7.8917673', '98.3688001', '7.8918067', '98.3686477', '17 m', 'Turn left'),
(744, 80, '7.8833759', '98.3923215', '7.883389', '98.3921556', '18 m', 'Head west'),
(745, 80, '7.883389', '98.3921556', '7.8834764', '98.3921835', '10 m', 'Turn right toward ถนน พังงา'),
(746, 80, '7.8834764', '98.3921835', '7.8835737', '98.3908539', '0.1 km', 'Turn left onto ถนน พังงา'),
(747, 80, '7.8835737', '98.3908539', '7.8829807', '98.3908716', '66 m', 'Turn left at สี่แยก ธนาคารชาร์เตอร์ onto ถนน ภูเก็ต'),
(748, 80, '7.8829807', '98.3908716', '7.8831545', '98.3874013', '0.4 km', 'Turn right onto ถนน รัษฎา'),
(749, 80, '7.8831545', '98.3874013', '7.8893293', '98.386279', '0.8 km', 'At the roundabout, take the 3rd exit onto ถนนเยาวราช'),
(750, 80, '7.8893293', '98.386279', '7.8887149', '98.3839297', '0.3 km', 'Turn left at สี่แยก อำเภอเมืองภูเก็ต onto ถนน แม่หลวน'),
(751, 80, '7.8887149', '98.3839297', '7.8903736', '98.3837872', '0.2 km', 'Turn right onto ซอย พิทักษ์ทวีป'),
(752, 80, '7.8903736', '98.3837872', '7.8905774', '98.3830419', '0.1 km', 'Turn left toward ถนน คอซิมบี้'),
(753, 80, '7.8905774', '98.3830419', '7.8922284', '98.3816865', '0.9 km', 'Turn right onto ถนน คอซิมบี้'),
(754, 80, '7.8922284', '98.3816865', '7.8936703', '98.379706', '0.6 km', 'Turn left at ซอย วชิระDestination will be on the left'),
(755, 81, '7.9060634', '98.3665805', '7.9055949', '98.3669901', '92 m', 'Head south'),
(756, 81, '7.9055949', '98.3669901', '7.9057832', '98.367597', '70 m', 'Continue straight'),
(757, 81, '7.9057832', '98.367597', '7.8938528', '98.3689887', '1.4 km', 'Turn right at ทางแยก สามกอง onto Route 402'),
(758, 81, '7.8938528', '98.3689887', '7.8902182', '98.3716513', '0.6 km', 'Turn left onto ถนนเอกวานิช ดาราสมุทร'),
(759, 81, '7.8902182', '98.3716513', '7.8901079', '98.3722361', '67 m', 'Turn left onto ถนน เอกวานิช'),
(760, 81, '7.8901079', '98.3722361', '7.8901616', '98.3729709', '81 m', 'Slight left to stay on ถนน เอกวานิช'),
(761, 81, '7.8901616', '98.3729709', '7.9005038', '98.3765489', '1.4 km', 'Turn left to stay on ถนน เอกวานิช'),
(762, 81, '7.9005038', '98.3765489', '7.9004756', '98.3767831', '26 m', 'Turn right onto ซอย แสงจันทร์'),
(763, 81, '7.9004756', '98.3767831', '7.9001332', '98.37727', '66 m', 'Turn right onto ซอย เฟื่องฟ้าDestination will be on the right'),
(764, 82, '7.9060634', '98.3665805', '7.9055949', '98.3669901', '92 m', 'Head south'),
(765, 82, '7.9055949', '98.3669901', '7.9057832', '98.367597', '70 m', 'Continue straight'),
(766, 82, '7.9057832', '98.367597', '7.8902007', '98.3683494', '1.8 km', 'Turn right at ทางแยก สามกอง onto Route 402'),
(767, 82, '7.8902007', '98.3683494', '7.8917673', '98.3688001', '0.2 km', 'Make a U-turn'),
(768, 82, '7.8917673', '98.3688001', '7.8918067', '98.3686477', '17 m', 'Turn left'),
(769, 83, '7.9060634', '98.3665805', '7.9055949', '98.3669901', '92 m', 'Head south'),
(770, 83, '7.9055949', '98.3669901', '7.9057832', '98.367597', '70 m', 'Continue straight'),
(771, 83, '7.9057832', '98.367597', '7.897591', '98.3685254', '1.0 km', 'Turn right at ทางแยก สามกอง onto Route 402Destination will be on the left'),
(772, 84, '7.9060634', '98.3665805', '7.9055949', '98.3669901', '92 m', 'Head south'),
(773, 84, '7.9055949', '98.3669901', '7.9057832', '98.367597', '70 m', 'Continue straight'),
(774, 84, '7.9057832', '98.367597', '7.9067513', '98.378333', '1.2 km', 'Continue straight through ทางแยก สามกอง onto ถนนเยาวราช'),
(775, 84, '7.9067513', '98.378333', '7.9082239', '98.3782962', '0.2 km', 'Turn left onto ซอย สามกอง 1'),
(776, 84, '7.9082239', '98.3782962', '7.9082502', '98.3778413', '51 m', 'Turn left'),
(777, 84, '7.9082502', '98.3778413', '7.9084128', '98.3778111', '18 m', 'Turn rightDestination will be on the left'),
(778, 85, '7.9060634', '98.3665805', '7.9055949', '98.3669901', '92 m', 'Head south'),
(779, 85, '7.9055949', '98.3669901', '7.9057832', '98.367597', '70 m', 'Continue straight'),
(780, 85, '7.9057832', '98.367597', '7.8902007', '98.3683494', '1.8 km', 'Turn right at ทางแยก สามกอง onto Route 402'),
(781, 85, '7.8902007', '98.3683494', '7.8917673', '98.3688001', '0.2 km', 'Make a U-turn'),
(782, 85, '7.8917673', '98.3688001', '7.8918067', '98.3686477', '17 m', 'Turn left'),
(783, 86, '7.9060634', '98.3665805', '7.9055949', '98.3669901', '92 m', 'Head south'),
(784, 86, '7.9055949', '98.3669901', '7.9057832', '98.367597', '70 m', 'Continue straight'),
(785, 86, '7.9057832', '98.367597', '7.8938528', '98.3689887', '1.4 km', 'Turn right at ทางแยก สามกอง onto Route 402'),
(786, 86, '7.8938528', '98.3689887', '7.8902182', '98.3716513', '0.6 km', 'Turn left onto ถนนเอกวานิช ดาราสมุทร'),
(787, 86, '7.8902182', '98.3716513', '7.8901079', '98.3722361', '67 m', 'Turn left onto ถนน เอกวานิช'),
(788, 86, '7.8901079', '98.3722361', '7.8901616', '98.3729709', '81 m', 'Slight left to stay on ถนน เอกวานิช'),
(789, 86, '7.8901616', '98.3729709', '7.896499', '98.3745177', '0.8 km', 'Turn left to stay on ถนน เอกวานิช'),
(790, 86, '7.896499', '98.3745177', '7.8972113', '98.3728429', '0.3 km', 'Turn left'),
(791, 87, '7.9060634', '98.3665805', '7.9055949', '98.3669901', '92 m', 'Head south'),
(792, 87, '7.9055949', '98.3669901', '7.9057832', '98.367597', '70 m', 'Continue straight'),
(793, 87, '7.9057832', '98.367597', '7.8893853', '98.367902', '1.9 km', 'Turn right at ทางแยก สามกอง onto Route 402'),
(794, 87, '7.8893853', '98.367902', '7.8988712', '98.3561209', '2.0 km', 'Turn right at แยก ดาราสมุทร onto Route 4020'),
(795, 87, '7.8988712', '98.3561209', '7.8983711', '98.3559822', '58 m', 'Turn left toward ถนนเหมืองเจ้าฟ้า/ภก.4010'),
(796, 87, '7.8983711', '98.3559822', '7.8970895', '98.3530751', '0.4 km', 'Turn right toward ถนนเหมืองเจ้าฟ้า/ภก.4010'),
(797, 87, '7.8970895', '98.3530751', '7.8879175', '98.3575543', '1.2 km', 'Turn left onto ถนนเหมืองเจ้าฟ้า/ภก.4010Continue to follow ภก.4010Destination will be on the left'),
(798, 88, '7.9060634', '98.3665805', '7.9055949', '98.3669901', '92 m', 'Head south'),
(799, 88, '7.9055949', '98.3669901', '7.9057832', '98.367597', '70 m', 'Continue straight'),
(800, 88, '7.9057832', '98.367597', '7.8897417', '98.3681167', '1.9 km', 'Turn right at ทางแยก สามกอง onto Route 402'),
(801, 88, '7.8897417', '98.3681167', '7.8869543', '98.3738169', '0.7 km', 'Turn left onto Route 4020'),
(802, 88, '7.8869543', '98.3738169', '7.8848934', '98.3824392', '1.0 km', 'Continue onto ถนน วิชิตสงคราม'),
(803, 88, '7.8848934', '98.3824392', '7.8851524', '98.385229', '0.3 km', 'Continue onto ถนน กระบี่'),
(804, 88, '7.8851524', '98.385229', '7.8865735', '98.3854144', '0.2 km', 'ถนน กระบี่ turns left and becomes ถนน สตูล'),
(805, 88, '7.8865735', '98.3854144', '7.8859255', '98.3905452', '0.6 km', 'Turn right onto ถนน ดีบุก'),
(806, 88, '7.8859255', '98.3905452', '7.8846489', '98.3907858', '0.1 km', 'Turn right onto ถนน เทพกระษัตรี'),
(807, 88, '7.8846489', '98.3907858', '7.8835737', '98.3908539', '0.1 km', 'Continue onto ถนน ภูเก็ต'),
(808, 88, '7.8835737', '98.3908539', '7.8834764', '98.3921835', '0.1 km', 'Turn left at สี่แยก ธนาคารชาร์เตอร์ onto ถนน พังงา'),
(809, 88, '7.8834764', '98.3921835', '7.883389', '98.3921556', '10 m', 'Turn right'),
(810, 88, '7.883389', '98.3921556', '7.8833759', '98.3923215', '18 m', 'Turn leftDestination will be on the right'),
(811, 89, '7.9060634', '98.3665805', '7.9055949', '98.3669901', '92 m', 'Head south'),
(812, 89, '7.9055949', '98.3669901', '7.9057832', '98.367597', '70 m', 'Continue straight'),
(813, 89, '7.9057832', '98.367597', '7.8897417', '98.3681167', '1.9 km', 'Turn right at ทางแยก สามกอง onto Route 402'),
(814, 89, '7.8897417', '98.3681167', '7.8869543', '98.3738169', '0.7 km', 'Turn left onto Route 4020'),
(815, 89, '7.8869543', '98.3738169', '7.8848934', '98.3824392', '1.0 km', 'Continue onto ถนน วิชิตสงคราม'),
(816, 89, '7.8848934', '98.3824392', '7.8851524', '98.385229', '0.3 km', 'Continue onto ถนน กระบี่'),
(817, 89, '7.8851524', '98.385229', '7.8865735', '98.3854144', '0.2 km', 'ถนน กระบี่ turns left and becomes ถนน สตูล'),
(818, 89, '7.8865735', '98.3854144', '7.8859255', '98.3905452', '0.6 km', 'Turn right onto ถนน ดีบุก'),
(819, 89, '7.8859255', '98.3905452', '7.8846489', '98.3907858', '0.1 km', 'Turn right onto ถนน เทพกระษัตรี'),
(820, 89, '7.8846489', '98.3907858', '7.8835737', '98.3908539', '0.1 km', 'Continue onto ถนน ภูเก็ต'),
(821, 89, '7.8835737', '98.3908539', '7.8834764', '98.3921835', '0.1 km', 'Turn left at สี่แยก ธนาคารชาร์เตอร์ onto ถนน พังงา'),
(822, 89, '7.8834764', '98.3921835', '7.883389', '98.3921556', '10 m', 'Turn right'),
(823, 89, '7.883389', '98.3921556', '7.8833759', '98.3923215', '18 m', 'Turn leftDestination will be on the right'),
(824, 90, '7.9060634', '98.3665805', '7.9055949', '98.3669901', '92 m', 'Head south'),
(825, 90, '7.9055949', '98.3669901', '7.9057832', '98.367597', '70 m', 'Continue straight'),
(826, 90, '7.9057832', '98.367597', '7.9067359', '98.371787', '0.5 km', 'Continue straight through ทางแยก สามกอง onto ถนนเยาวราช'),
(827, 90, '7.9067359', '98.371787', '7.911482', '98.3715845', '0.6 km', 'Turn left onto ถนน ประชาอุทิศ 1'),
(828, 90, '7.911482', '98.3715845', '7.9093799', '98.3744084', '0.4 km', 'Turn right onto ซอย พะเนียง 2'),
(829, 90, '7.9093799', '98.3744084', '7.9089836', '98.3746603', '52 m', 'Turn right onto ซอย พะเนียงDestination will be on the left'),
(830, 91, '7.9060634', '98.3665805', '7.9055949', '98.3669901', '92 m', 'Head south'),
(831, 91, '7.9055949', '98.3669901', '7.9057832', '98.367597', '70 m', 'Continue straight'),
(832, 91, '7.9057832', '98.367597', '7.9060808', '98.3691037', '0.2 km', 'Continue straight through ทางแยก สามกอง onto ถนนเยาวราช'),
(833, 91, '7.9060808', '98.3691037', '7.9073382', '98.354835', '1.7 km', 'Make a U-turnDestination will be on the left'),
(834, 92, '7.9060634', '98.3665805', '7.9055949', '98.3669901', '92 m', 'Head south'),
(835, 92, '7.9055949', '98.3669901', '7.9057832', '98.367597', '70 m', 'Continue straight'),
(836, 92, '7.9057832', '98.367597', '7.8902007', '98.3683494', '1.8 km', 'Turn right at ทางแยก สามกอง onto Route 402'),
(837, 92, '7.8902007', '98.3683494', '7.8917673', '98.3688001', '0.2 km', 'Make a U-turn'),
(838, 92, '7.8917673', '98.3688001', '7.8918067', '98.3686477', '17 m', 'Turn left'),
(839, 93, '7.9060634', '98.3665805', '7.9055949', '98.3669901', '92 m', 'Head south'),
(840, 93, '7.9055949', '98.3669901', '7.9057832', '98.367597', '70 m', 'Continue straight'),
(841, 93, '7.9057832', '98.367597', '7.8876018', '98.3668981', '2.1 km', 'Turn right at ทางแยก สามกอง onto Route 402'),
(842, 93, '7.8876018', '98.3668981', '7.8872047', '98.3666673', '51 m', 'Continue straight to stay on Route 402'),
(843, 93, '7.8872047', '98.3666673', '7.874705', '98.3634463', '1.5 km', 'Continue onto Route 4022'),
(844, 93, '7.874705', '98.3634463', '7.8700651', '98.3745598', '1.3 km', 'Turn left'),
(845, 93, '7.8700651', '98.3745598', '7.8686219', '98.38051', '0.7 km', 'Keep right'),
(846, 93, '7.8686219', '98.38051', '7.869497', '98.3917769', '1.2 km', 'Continue straight onto ศักดิเดชน์ ซอย 7'),
(847, 93, '7.869497', '98.3917769', '7.8618832', '98.4001951', '1.3 km', 'Turn right onto ซอย บางใหญ่'),
(848, 94, '7.9060634', '98.3665805', '7.9055949', '98.3669901', '92 m', 'Head south'),
(849, 94, '7.9055949', '98.3669901', '7.9057832', '98.367597', '70 m', 'Continue straight'),
(850, 94, '7.9057832', '98.367597', '7.9067359', '98.371787', '0.5 km', 'Continue straight through ทางแยก สามกอง onto ถนนเยาวราช'),
(851, 94, '7.9067359', '98.371787', '7.911482', '98.3715845', '0.6 km', 'Turn left onto ถนน ประชาอุทิศ 1'),
(852, 94, '7.911482', '98.3715845', '7.9093799', '98.3744084', '0.4 km', 'Turn right onto ซอย พะเนียง 2'),
(853, 94, '7.9093799', '98.3744084', '7.9100118', '98.3742735', '74 m', 'Turn left onto ซอย พะเนียงDestination will be on the left'),
(854, 95, '7.9060634', '98.3665805', '7.9055949', '98.3669901', '92 m', 'Head south'),
(855, 95, '7.9055949', '98.3669901', '7.9123023', '98.3677499', '0.8 km', 'Turn left onto Route 402'),
(856, 95, '7.9123023', '98.3677499', '7.9126026', '98.3665684', '0.1 km', 'Turn leftDestination will be on the left'),
(857, 96, '7.9060634', '98.3665805', '7.9055949', '98.3669901', '92 m', 'Head south'),
(858, 96, '7.9055949', '98.3669901', '7.9057832', '98.367597', '70 m', 'Continue straight'),
(859, 96, '7.9057832', '98.367597', '7.8897417', '98.3681167', '1.9 km', 'Turn right at ทางแยก สามกอง onto Route 402'),
(860, 96, '7.8897417', '98.3681167', '7.8869543', '98.3738169', '0.7 km', 'Turn left onto Route 4020'),
(861, 96, '7.8869543', '98.3738169', '7.8848934', '98.3824392', '1.0 km', 'Continue onto ถนน วิชิตสงคราม'),
(862, 96, '7.8848934', '98.3824392', '7.8851524', '98.385229', '0.3 km', 'Continue onto ถนน กระบี่'),
(863, 96, '7.8851524', '98.385229', '7.8865735', '98.3854144', '0.2 km', 'ถนน กระบี่ turns left and becomes ถนน สตูล'),
(864, 96, '7.8865735', '98.3854144', '7.8859255', '98.3905452', '0.6 km', 'Turn right onto ถนน ดีบุก'),
(865, 96, '7.8859255', '98.3905452', '7.8846489', '98.3907858', '0.1 km', 'Turn right onto ถนน เทพกระษัตรี'),
(866, 96, '7.8846489', '98.3907858', '7.8835737', '98.3908539', '0.1 km', 'Continue onto ถนน ภูเก็ต'),
(867, 96, '7.8835737', '98.3908539', '7.8834764', '98.3921835', '0.1 km', 'Turn left at สี่แยก ธนาคารชาร์เตอร์ onto ถนน พังงา'),
(868, 96, '7.8834764', '98.3921835', '7.883389', '98.3921556', '10 m', 'Turn right'),
(869, 96, '7.883389', '98.3921556', '7.8833759', '98.3923215', '18 m', 'Turn leftDestination will be on the right'),
(870, 97, '7.9060634', '98.3665805', '7.9055949', '98.3669901', '92 m', 'Head south'),
(871, 97, '7.9055949', '98.3669901', '7.9057832', '98.367597', '70 m', 'Continue straight'),
(872, 97, '7.9057832', '98.367597', '7.8876018', '98.3668981', '2.1 km', 'Turn right at ทางแยก สามกอง onto Route 402'),
(873, 97, '7.8876018', '98.3668981', '7.8872047', '98.3666673', '51 m', 'Continue straight to stay on Route 402'),
(874, 97, '7.8872047', '98.3666673', '7.8651011', '98.3483249', '3.6 km', 'Continue onto Route 4022'),
(875, 97, '7.8651011', '98.3483249', '7.8222551', '98.3408296', '5.6 km', 'Continue onto Route 4021'),
(876, 97, '7.8222551', '98.3408296', '7.7757635', '98.3277917', '5.4 km', 'At the roundabout, continue straight onto Route 4024'),
(877, 97, '7.7757635', '98.3277917', '7.7700544', '98.3170765', '1.4 km', 'Turn right onto Route 4233'),
(878, 97, '7.7700544', '98.3170765', '7.7695776', '98.3149857', '0.2 km', 'Continue onto ทางหลวงชนบท ภูเก็ต 4161'),
(879, 97, '7.7695776', '98.3149857', '7.7615468', '98.306267', '1.5 km', 'Turn left onto Route 4233'),
(880, 97, '7.7615468', '98.306267', '7.7616339', '98.3051842', '0.1 km', 'Slight left'),
(881, 98, '7.0063486', '100.4986967', '7.0065121', '100.4989402', '43 m', 'Head north'),
(882, 98, '7.0065121', '100.4989402', '7.0066032', '100.4989351', '10 m', 'Turn left'),
(883, 98, '7.0066032', '100.4989351', '7.0064599', '100.4971476', '0.2 km', 'Turn left'),
(884, 98, '7.0064599', '100.4971476', '7.00832', '100.4970809', '0.2 km', 'Turn right'),
(885, 98, '7.00832', '100.4970809', '7.0083754', '100.4964574', '69 m', 'Turn left toward Route 407'),
(886, 98, '7.0083754', '100.4964574', '7.0084912', '100.4939166', '0.3 km', 'At the roundabout, take the 2nd exit'),
(887, 98, '7.0084912', '100.4939166', '6.9747101', '100.4794956', '4.1 km', 'Turn left at แยก มหาวิทยาลัยสงขลานครินทร์ onto Route 407'),
(888, 98, '6.9747101', '100.4794956', '6.9755422', '100.4757966', '0.5 km', 'Turn right at ทางแยก คลองหวะ onto Route 4'),
(889, 98, '6.9755422', '100.4757966', '6.976191', '100.4742043', '0.2 km', 'Slight right to stay on Route 4'),
(890, 98, '6.976191', '100.4742043', '6.9863684', '100.4327998', '4.7 km', 'Keep right to stay on Route 4'),
(891, 98, '6.9863684', '100.4327998', '6.9867453', '100.4291065', '0.4 km', 'Keep left'),
(892, 98, '6.9867453', '100.4291065', '6.9368309', '100.3944334', '7.5 km', 'Turn left at ทางแยก สนามบินใน onto Route 4135'),
(893, 99, '7.0063486', '100.4986967', '7.0065121', '100.4989402', '43 m', 'Head north'),
(894, 99, '7.0065121', '100.4989402', '7.0066032', '100.4989351', '10 m', 'Turn left'),
(895, 99, '7.0066032', '100.4989351', '7.0064599', '100.4971476', '0.2 km', 'Turn left'),
(896, 99, '7.0064599', '100.4971476', '7.0055439', '100.4972428', '0.1 km', 'Turn left'),
(897, 99, '7.0055439', '100.4972428', '7.0055493', '100.4958536', '0.2 km', 'Turn right'),
(898, 100, '7.0063486', '100.4986967', '7.0065121', '100.4989402', '43 m', 'Head north'),
(899, 100, '7.0065121', '100.4989402', '7.0066032', '100.4989351', '10 m', 'Turn left'),
(900, 100, '7.0066032', '100.4989351', '7.0064599', '100.4971476', '0.2 km', 'Turn left'),
(901, 100, '7.0064599', '100.4971476', '7.00832', '100.4970809', '0.2 km', 'Turn right'),
(902, 100, '7.00832', '100.4970809', '7.0083754', '100.4964574', '69 m', 'Turn left toward Route 407'),
(903, 100, '7.0083754', '100.4964574', '7.0084912', '100.4939166', '0.3 km', 'At the roundabout, take the 2nd exit'),
(904, 100, '7.0084912', '100.4939166', '6.990453', '100.4844163', '2.3 km', 'Turn left at แยก มหาวิทยาลัยสงขลานครินทร์ onto Route 407');
INSERT INTO `user_outgoing_detail` (`user_outgoing_detail_id`, `user_outgoing_id`, `start_lat`, `start_lng`, `end_lat`, `end_lng`, `distance`, `instruction`) VALUES
(905, 100, '6.990453', '100.4844163', '6.9903206', '100.4840547', '0.6 km', 'Slight left'),
(906, 100, '6.9903206', '100.4840547', '6.9910675', '100.4827015', '0.2 km', 'Turn left onto Kanjanawanich 28 RoadDestination will be on the right'),
(907, 101, '13.1683118', '100.9314592', '13.2138888', '100.9428293', '5.4 km', 'Head north on Route 3 toward ศรีราชานคร 4'),
(908, 101, '13.2138888', '100.9428293', '13.2222409', '100.9629911', '2.8 km', 'Turn right onto ถนน สุขาภิบาล 7/ถนน เทศบาล 7Continue to follow ถนน เทศบาล 7'),
(909, 101, '13.2222409', '100.9629911', '13.2226988', '100.9631035', '52 m', 'Continue onto ถนน สุขาภิบาล 7/ถนน เทศบาล 9'),
(910, 101, '13.2226988', '100.9631035', '13.2110306', '101.0016098', '7.9 km', 'Turn right onto Route 3144'),
(911, 101, '13.2110306', '101.0016098', '13.2076816', '101.0067325', '0.7 km', 'Turn left to stay on Route 3144'),
(912, 101, '13.2076816', '101.0067325', '13.2047173', '101.0203029', '1.6 km', 'Merge onto ชบ.4036'),
(913, 101, '13.2047173', '101.0203029', '13.2108502', '101.0240469', '0.8 km', 'Turn left to stay on ชบ.4036'),
(914, 101, '13.2108502', '101.0240469', '13.214434', '101.0552517', '3.6 km', 'Turn right to stay on ชบ.4036'),
(915, 101, '13.214434', '101.0552517', '13.2150777', '101.0565592', '0.2 km', 'Turn leftDestination will be on the left'),
(916, 102, '13.1683118', '100.9314592', '13.2138888', '100.9428293', '5.4 km', 'Head north on Route 3 toward ศรีราชานคร 4'),
(917, 102, '13.2138888', '100.9428293', '13.2222409', '100.9629911', '2.8 km', 'Turn right onto ถนน สุขาภิบาล 7/ถนน เทศบาล 7Continue to follow ถนน เทศบาล 7'),
(918, 102, '13.2222409', '100.9629911', '13.2226988', '100.9631035', '52 m', 'Continue onto ถนน สุขาภิบาล 7/ถนน เทศบาล 9'),
(919, 102, '13.2226988', '100.9631035', '13.2323961', '100.9949096', '5.3 km', 'Turn right onto Route 3144'),
(920, 102, '13.2323961', '100.9949096', '13.2355871', '100.995992', '0.4 km', 'Turn left to stay on Route 3144'),
(921, 102, '13.2355871', '100.995992', '13.2395991', '101.0033208', '1.0 km', 'Slight right to stay on Route 3144'),
(922, 102, '13.2395991', '101.0033208', '13.233381', '101.0136498', '1.4 km', 'Continue onto บ้านห้วยกุ่ม'),
(923, 102, '13.233381', '101.0136498', '13.2357028', '101.0292661', '1.9 km', 'Turn left to stay on บ้านห้วยกุ่ม'),
(924, 102, '13.2357028', '101.0292661', '13.237439', '101.0299177', '0.2 km', 'Turn left to stay on บ้านห้วยกุ่ม'),
(925, 102, '13.237439', '101.0299177', '13.2370935', '101.0413785', '1.6 km', 'Turn right to stay on บ้านห้วยกุ่ม'),
(926, 103, '13.1683118', '100.9314592', '13.172763', '100.9315063', '0.5 km', 'Head north on Route 3 toward ศรีราชานคร 4'),
(927, 103, '13.172763', '100.9315063', '13.1734579', '100.926483', '0.5 km', 'Turn left at แยก วัดวังหิน onto ถนน สุรศักดิ์ 2'),
(928, 103, '13.1734579', '100.926483', '13.1739674', '100.920976', '0.6 km', 'At the roundabout, take the 2nd exit'),
(929, 103, '13.1739674', '100.920976', '13.1743273', '100.9205278', '75 m', 'At the roundabout, take the 1st exit'),
(930, 103, '13.1743273', '100.9205278', '13.1741619', '100.9202598', '35 m', 'Turn left'),
(931, 103, '13.1741619', '100.9202598', '13.1734132', '100.9200495', '86 m', 'Turn left'),
(932, 103, '13.1734132', '100.9200495', '13.1735648', '100.9198416', '28 m', 'Turn rightDestination will be on the right'),
(933, 104, '13.1683118', '100.9314592', '13.1687989', '100.9314656', '54 m', 'Head north on Route 3 toward ศรีราชานคร 4'),
(934, 104, '13.1687989', '100.9314656', '13.1677804', '100.9272931', '0.5 km', 'Turn left onto ศรีราชานคร 4'),
(935, 104, '13.1677804', '100.9272931', '13.1672548', '100.9266235', '0.1 km', 'Continue onto ถนน ศรีราชานคร 2'),
(936, 104, '13.1672548', '100.9266235', '13.1670564', '100.9252097', '0.2 km', 'Continue onto ศรีราชานคร 3'),
(937, 104, '13.1670564', '100.9252097', '13.1671989', '100.9244497', '84 m', 'Merge onto เทศบาล 1'),
(938, 105, '13.1683118', '100.9314592', '13.1687989', '100.9314656', '54 m', 'Head north on Route 3 toward ศรีราชานคร 4'),
(939, 105, '13.1687989', '100.9314656', '13.1688373', '100.9292166', '0.2 km', 'Turn left onto ศรีราชานคร 4'),
(940, 105, '13.1688373', '100.9292166', '13.1660295', '100.929217', '0.3 km', 'Turn left to stay on ศรีราชานคร 4'),
(941, 105, '13.1660295', '100.929217', '13.165766', '100.9313127', '0.2 km', 'Turn left onto เทศบาล 1'),
(942, 105, '13.165766', '100.9313127', '13.1663266', '100.9313966', '63 m', 'Turn left onto Route 3'),
(943, 105, '13.1663266', '100.9313966', '13.1645202', '100.9366201', '0.6 km', 'Turn right at แยก อัสสัมชัญ onto Route 3241'),
(944, 105, '13.1645202', '100.9366201', '13.1546932', '100.9841393', '5.4 km', 'Turn left to stay on Route 3241'),
(945, 105, '13.1546932', '100.9841393', '13.120063', '101.0425107', '8.0 km', 'Keep right to stay on Route 3241'),
(946, 105, '13.120063', '101.0425107', '13.1195697', '101.0442743', '0.2 km', 'At the roundabout, take the 1st exit and stay on Route 3241'),
(947, 105, '13.1195697', '101.0442743', '13.1238063', '101.0739427', '4.6 km', 'At the roundabout, take the 1st exit and stay on Route 3241'),
(948, 105, '13.1238063', '101.0739427', '13.1443898', '101.0686935', '2.5 km', 'Turn left onto ชุมชนเน์นลอง ซอย 2'),
(949, 105, '13.1443898', '101.0686935', '13.1443165', '101.0708784', '0.3 km', 'Turn right'),
(950, 106, '7.9060634', '98.3665805', '7.9055949', '98.3669901', '92 m', 'Head south'),
(951, 106, '7.9055949', '98.3669901', '7.9057832', '98.367597', '70 m', 'Continue straight'),
(952, 106, '7.9057832', '98.367597', '7.8902007', '98.3683494', '1.8 km', 'Turn right at ทางแยก สามกอง onto Route 402'),
(953, 106, '7.8902007', '98.3683494', '7.8917673', '98.3688001', '0.2 km', 'Make a U-turn'),
(954, 106, '7.8917673', '98.3688001', '7.8918067', '98.3686477', '17 m', 'Turn left'),
(955, 107, '7.9060634', '98.3665805', '7.9060134', '98.3665967', '6 m', 'Head south'),
(956, 107, '7.9060134', '98.3665967', '7.9060579', '98.3664735', '20 m', 'Make a U-turnDestination will be on the right'),
(957, 108, '7.9060634', '98.3665805', '7.9055949', '98.3669901', '92 m', 'Head south'),
(958, 108, '7.9055949', '98.3669901', '7.9057832', '98.367597', '70 m', 'Continue straight'),
(959, 108, '7.9057832', '98.367597', '7.8897417', '98.3681167', '1.9 km', 'Turn right at ทางแยก สามกอง onto Route 402'),
(960, 108, '7.8897417', '98.3681167', '7.8869543', '98.3738169', '0.7 km', 'Turn left onto Route 4020'),
(961, 108, '7.8869543', '98.3738169', '7.8848934', '98.3824392', '1.0 km', 'Continue onto ถนน วิชิตสงคราม'),
(962, 108, '7.8848934', '98.3824392', '7.8851524', '98.385229', '0.3 km', 'Continue onto ถนน กระบี่'),
(963, 108, '7.8851524', '98.385229', '7.8865735', '98.3854144', '0.2 km', 'ถนน กระบี่ turns left and becomes ถนน สตูล'),
(964, 108, '7.8865735', '98.3854144', '7.8859255', '98.3905452', '0.6 km', 'Turn right onto ถนน ดีบุก'),
(965, 108, '7.8859255', '98.3905452', '7.8846489', '98.3907858', '0.1 km', 'Turn right onto ถนน เทพกระษัตรี'),
(966, 108, '7.8846489', '98.3907858', '7.8835737', '98.3908539', '0.1 km', 'Continue onto ถนน ภูเก็ต'),
(967, 108, '7.8835737', '98.3908539', '7.8834764', '98.3921835', '0.1 km', 'Turn left at สี่แยก ธนาคารชาร์เตอร์ onto ถนน พังงา'),
(968, 108, '7.8834764', '98.3921835', '7.883389', '98.3921556', '10 m', 'Turn right'),
(969, 108, '7.883389', '98.3921556', '7.8833759', '98.3923215', '18 m', 'Turn leftDestination will be on the right'),
(970, 109, '7.9060634', '98.3665805', '7.9055949', '98.3669901', '92 m', 'Head south'),
(971, 109, '7.9055949', '98.3669901', '7.9057832', '98.367597', '70 m', 'Continue straight'),
(972, 109, '7.9057832', '98.367597', '7.8897417', '98.3681167', '1.9 km', 'Turn right at ทางแยก สามกอง onto Route 402'),
(973, 109, '7.8897417', '98.3681167', '7.8869543', '98.3738169', '0.7 km', 'Turn left onto Route 4020'),
(974, 109, '7.8869543', '98.3738169', '7.8848934', '98.3824392', '1.0 km', 'Continue onto ถนน วิชิตสงคราม'),
(975, 109, '7.8848934', '98.3824392', '7.8851524', '98.385229', '0.3 km', 'Continue onto ถนน กระบี่'),
(976, 109, '7.8851524', '98.385229', '7.8865735', '98.3854144', '0.2 km', 'ถนน กระบี่ turns left and becomes ถนน สตูล'),
(977, 109, '7.8865735', '98.3854144', '7.8859255', '98.3905452', '0.6 km', 'Turn right onto ถนน ดีบุก'),
(978, 109, '7.8859255', '98.3905452', '7.8846489', '98.3907858', '0.1 km', 'Turn right onto ถนน เทพกระษัตรี'),
(979, 109, '7.8846489', '98.3907858', '7.8835737', '98.3908539', '0.1 km', 'Continue onto ถนน ภูเก็ต'),
(980, 109, '7.8835737', '98.3908539', '7.8834764', '98.3921835', '0.1 km', 'Turn left at สี่แยก ธนาคารชาร์เตอร์ onto ถนน พังงา'),
(981, 109, '7.8834764', '98.3921835', '7.883389', '98.3921556', '10 m', 'Turn right'),
(982, 109, '7.883389', '98.3921556', '7.8833759', '98.3923215', '18 m', 'Turn leftDestination will be on the right'),
(983, 110, '7.9060634', '98.3665805', '7.9055949', '98.3669901', '92 m', 'Head south'),
(984, 110, '7.9055949', '98.3669901', '7.9057832', '98.367597', '70 m', 'Continue straight'),
(985, 110, '7.9057832', '98.367597', '7.8876018', '98.3668981', '2.1 km', 'Turn right at ทางแยก สามกอง onto Route 402'),
(986, 110, '7.8876018', '98.3668981', '7.8872047', '98.3666673', '51 m', 'Continue straight to stay on Route 402'),
(987, 110, '7.8872047', '98.3666673', '7.874705', '98.3634463', '1.5 km', 'Continue onto Route 4022'),
(988, 110, '7.874705', '98.3634463', '7.8700651', '98.3745598', '1.3 km', 'Turn left'),
(989, 110, '7.8700651', '98.3745598', '7.8686219', '98.38051', '0.7 km', 'Keep right'),
(990, 110, '7.8686219', '98.38051', '7.869497', '98.3917769', '1.2 km', 'Continue straight onto ศักดิเดชน์ ซอย 7'),
(991, 110, '7.869497', '98.3917769', '7.8618832', '98.4001951', '1.3 km', 'Turn right onto ซอย บางใหญ่'),
(992, 111, '7.9060634', '98.3665805', '7.9060134', '98.3665967', '6 m', 'Head south'),
(993, 111, '7.9060134', '98.3665967', '7.9060822', '98.366467', '23 m', 'Make a U-turn'),
(994, 112, '7.9060634', '98.3665805', '7.9055949', '98.3669901', '92 m', 'Head south'),
(995, 112, '7.9055949', '98.3669901', '7.9057832', '98.367597', '70 m', 'Continue straight'),
(996, 112, '7.9057832', '98.367597', '7.8897417', '98.3681167', '1.9 km', 'Turn right at ทางแยก สามกอง onto Route 402'),
(997, 112, '7.8897417', '98.3681167', '7.8869543', '98.3738169', '0.7 km', 'Turn left onto Route 4020'),
(998, 112, '7.8869543', '98.3738169', '7.8848934', '98.3824392', '1.0 km', 'Continue onto ถนน วิชิตสงคราม'),
(999, 112, '7.8848934', '98.3824392', '7.8851524', '98.385229', '0.3 km', 'Continue onto ถนน กระบี่'),
(1000, 112, '7.8851524', '98.385229', '7.8865735', '98.3854144', '0.2 km', 'ถนน กระบี่ turns left and becomes ถนน สตูล'),
(1001, 112, '7.8865735', '98.3854144', '7.8859255', '98.3905452', '0.6 km', 'Turn right onto ถนน ดีบุก'),
(1002, 112, '7.8859255', '98.3905452', '7.8846489', '98.3907858', '0.1 km', 'Turn right onto ถนน เทพกระษัตรี'),
(1003, 112, '7.8846489', '98.3907858', '7.8835737', '98.3908539', '0.1 km', 'Continue onto ถนน ภูเก็ต'),
(1004, 112, '7.8835737', '98.3908539', '7.8834764', '98.3921835', '0.1 km', 'Turn left at สี่แยก ธนาคารชาร์เตอร์ onto ถนน พังงา'),
(1005, 112, '7.8834764', '98.3921835', '7.883389', '98.3921556', '10 m', 'Turn right'),
(1006, 112, '7.883389', '98.3921556', '7.8833759', '98.3923215', '18 m', 'Turn leftDestination will be on the right'),
(1007, 113, '7.9060634', '98.3665805', '7.9055949', '98.3669901', '92 m', 'Head south'),
(1008, 113, '7.9055949', '98.3669901', '7.9057832', '98.367597', '70 m', 'Continue straight'),
(1009, 113, '7.9057832', '98.367597', '7.8897417', '98.3681167', '1.9 km', 'Turn right at ทางแยก สามกอง onto Route 402'),
(1010, 113, '7.8897417', '98.3681167', '7.8869991', '98.3736236', '0.7 km', 'Turn left onto Route 4020'),
(1011, 113, '7.8869991', '98.3736236', '7.8883413', '98.3821788', '1.0 km', 'Slight left onto ถนน แม่หลวน'),
(1012, 113, '7.8883413', '98.3821788', '7.8922284', '98.3816865', '1.2 km', 'Turn left onto ถนน คอซิมบี้'),
(1013, 113, '7.8922284', '98.3816865', '7.8936703', '98.379706', '0.6 km', 'Turn left at ซอย วชิระDestination will be on the left'),
(1014, 114, '7.9060634', '98.3665805', '7.9060134', '98.3665967', '6 m', 'Head south'),
(1015, 114, '7.9060134', '98.3665967', '7.9060654', '98.3664715', '21 m', 'Make a U-turn'),
(1016, 115, '13.1683118', '100.9314592', '13.1687989', '100.9314656', '54 m', 'Head north on Route 3 toward ศรีราชานคร 4'),
(1017, 115, '13.1687989', '100.9314656', '13.1688373', '100.9292166', '0.2 km', 'Turn left onto ศรีราชานคร 4'),
(1018, 115, '13.1688373', '100.9292166', '13.1660295', '100.929217', '0.3 km', 'Turn left to stay on ศรีราชานคร 4'),
(1019, 115, '13.1660295', '100.929217', '13.165766', '100.9313127', '0.2 km', 'Turn left onto เทศบาล 1'),
(1020, 115, '13.165766', '100.9313127', '13.1663266', '100.9313966', '63 m', 'Turn left onto Route 3'),
(1021, 115, '13.1663266', '100.9313966', '13.1645202', '100.9366201', '0.6 km', 'Turn right at แยก อัสสัมชัญ onto Route 3241'),
(1022, 115, '13.1645202', '100.9366201', '13.1546932', '100.9841393', '5.4 km', 'Turn left to stay on Route 3241'),
(1023, 115, '13.1546932', '100.9841393', '13.1476385', '101.0104849', '3.0 km', 'Keep right to stay on Route 3241'),
(1024, 115, '13.1476385', '101.0104849', '13.1479816', '101.0106311', '42 m', 'Turn left'),
(1025, 115, '13.1479816', '101.0106311', '13.1483855', '101.0106253', '47 m', 'Turn leftDestination will be on the right'),
(1026, 116, '13.1683118', '100.9314592', '13.177503', '100.9316108', '1.0 km', 'Head north on Route 3 toward ศรีราชานคร 4'),
(1027, 116, '13.177503', '100.9316108', '13.1684105', '100.9315798', '1.1 km', 'Make a U-turn at แยก ดาราสมุทร'),
(1028, 116, '13.1684105', '100.9315798', '13.1683972', '100.9316056', '3 m', 'Turn left'),
(1029, 117, '13.1683118', '100.9314592', '13.1684114', '100.9314616', '11 m', 'Head north on Route 3 toward ศรีราชานคร 4'),
(1030, 118, '13.1683118', '100.9314592', '13.172763', '100.9315063', '0.5 km', 'Head north on Route 3 toward ศรีราชานคร 4'),
(1031, 118, '13.172763', '100.9315063', '13.1727601', '100.9318952', '56 m', 'Turn right at แยก วัดวังหิน onto ถนน สุรศักดิ์ 2'),
(1032, 118, '13.1727601', '100.9318952', '13.1690152', '100.9454803', '1.6 km', 'ถนน สุรศักดิ์ 2 turns slightly left and becomes วัดวังหิน 2'),
(1033, 118, '13.1690152', '100.9454803', '13.172456', '100.9452462', '0.4 km', 'Turn left'),
(1034, 118, '13.172456', '100.9452462', '13.1724434', '100.9447043', '59 m', 'Turn left'),
(1035, 119, '13.1683118', '100.9314592', '13.172763', '100.9315063', '0.5 km', 'Head north on Route 3 toward ศรีราชานคร 4'),
(1036, 119, '13.172763', '100.9315063', '13.1727601', '100.9318952', '56 m', 'Turn right at แยก วัดวังหิน onto ถนน สุรศักดิ์ 2'),
(1037, 119, '13.1727601', '100.9318952', '13.1690152', '100.9454803', '1.6 km', 'ถนน สุรศักดิ์ 2 turns slightly left and becomes วัดวังหิน 2'),
(1038, 119, '13.1690152', '100.9454803', '13.172456', '100.9452462', '0.4 km', 'Turn left'),
(1039, 119, '13.172456', '100.9452462', '13.1724574', '100.9453436', '11 m', 'Turn rightDestination will be on the right'),
(1040, 120, '13.1683118', '100.9314592', '13.1687989', '100.9314656', '54 m', 'Head north on Route 3 toward ศรีราชานคร 4'),
(1041, 120, '13.1687989', '100.9314656', '13.1688373', '100.9292166', '0.2 km', 'Turn left onto ศรีราชานคร 4'),
(1042, 120, '13.1688373', '100.9292166', '13.1660295', '100.929217', '0.3 km', 'Turn left to stay on ศรีราชานคร 4'),
(1043, 120, '13.1660295', '100.929217', '13.165766', '100.9313127', '0.2 km', 'Turn left onto เทศบาล 1'),
(1044, 120, '13.165766', '100.9313127', '13.1672844', '100.9314352', '0.2 km', 'Turn left onto Route 3'),
(1045, 120, '13.1672844', '100.9314352', '13.167284', '100.9309028', '58 m', 'Turn left onto ถนน ศรีราชานคร 2Destination will be on the left'),
(1046, 121, '13.1683118', '100.9314592', '13.1687989', '100.9314656', '54 m', 'Head north on Route 3 toward ศรีราชานคร 4'),
(1047, 121, '13.1687989', '100.9314656', '13.1688373', '100.9292166', '0.2 km', 'Turn left onto ศรีราชานคร 4'),
(1048, 121, '13.1688373', '100.9292166', '13.1660295', '100.929217', '0.3 km', 'Turn left to stay on ศรีราชานคร 4'),
(1049, 121, '13.1660295', '100.929217', '13.165766', '100.9313127', '0.2 km', 'Turn left onto เทศบาล 1'),
(1050, 121, '13.165766', '100.9313127', '13.1663266', '100.9313966', '63 m', 'Turn left onto Route 3'),
(1051, 121, '13.1663266', '100.9313966', '13.1645202', '100.9366201', '0.6 km', 'Turn right at แยก อัสสัมชัญ onto Route 3241'),
(1052, 121, '13.1645202', '100.9366201', '13.1546932', '100.9841393', '5.4 km', 'Turn left to stay on Route 3241'),
(1053, 121, '13.1546932', '100.9841393', '13.1476385', '101.0104849', '3.0 km', 'Keep right to stay on Route 3241'),
(1054, 121, '13.1476385', '101.0104849', '13.1479816', '101.0106311', '42 m', 'Turn left'),
(1055, 121, '13.1479816', '101.0106311', '13.1483855', '101.0106253', '47 m', 'Turn leftDestination will be on the right'),
(1056, 122, '13.1683118', '100.9314592', '13.1687989', '100.9314656', '54 m', 'Head north on Route 3 toward ศรีราชานคร 4'),
(1057, 122, '13.1687989', '100.9314656', '13.1688373', '100.9292166', '0.2 km', 'Turn left onto ศรีราชานคร 4'),
(1058, 122, '13.1688373', '100.9292166', '13.1660295', '100.929217', '0.3 km', 'Turn left to stay on ศรีราชานคร 4'),
(1059, 122, '13.1660295', '100.929217', '13.165766', '100.9313127', '0.2 km', 'Turn left onto เทศบาล 1'),
(1060, 122, '13.165766', '100.9313127', '13.1663266', '100.9313966', '63 m', 'Turn left onto Route 3'),
(1061, 122, '13.1663266', '100.9313966', '13.1645202', '100.9366201', '0.6 km', 'Turn right at แยก อัสสัมชัญ onto Route 3241'),
(1062, 122, '13.1645202', '100.9366201', '13.1546932', '100.9841393', '5.4 km', 'Turn left to stay on Route 3241'),
(1063, 122, '13.1546932', '100.9841393', '13.1476385', '101.0104849', '3.0 km', 'Keep right to stay on Route 3241'),
(1064, 122, '13.1476385', '101.0104849', '13.1479816', '101.0106311', '42 m', 'Turn left'),
(1065, 122, '13.1479816', '101.0106311', '13.1483855', '101.0106253', '47 m', 'Turn leftDestination will be on the right'),
(1066, 123, '13.1683118', '100.9314592', '13.172763', '100.9315063', '0.5 km', 'Head north on Route 3 toward ศรีราชานคร 4'),
(1067, 123, '13.172763', '100.9315063', '13.1727601', '100.9318952', '56 m', 'Turn right at แยก วัดวังหิน onto ถนน สุรศักดิ์ 2'),
(1068, 123, '13.1727601', '100.9318952', '13.1716809', '100.9370583', '0.6 km', 'ถนน สุรศักดิ์ 2 turns slightly left and becomes วัดวังหิน 2'),
(1069, 123, '13.1716809', '100.9370583', '13.1736169', '100.9369917', '0.2 km', 'Turn left onto ถนนวัดวังหิน ซอย 7'),
(1070, 123, '13.1736169', '100.9369917', '13.1736342', '100.9370898', '11 m', 'Turn right onto ซอย อยู่แล้วรวยDestination will be on the right'),
(1071, 124, '13.1683118', '100.9314592', '13.1687989', '100.9314656', '54 m', 'Head north on Route 3 toward ศรีราชานคร 4'),
(1072, 124, '13.1687989', '100.9314656', '13.1688373', '100.9292166', '0.2 km', 'Turn left onto ศรีราชานคร 4'),
(1073, 124, '13.1688373', '100.9292166', '13.1660295', '100.929217', '0.3 km', 'Turn left to stay on ศรีราชานคร 4'),
(1074, 124, '13.1660295', '100.929217', '13.165766', '100.9313127', '0.2 km', 'Turn left onto เทศบาล 1'),
(1075, 124, '13.165766', '100.9313127', '13.1663266', '100.9313966', '63 m', 'Turn left onto Route 3'),
(1076, 124, '13.1663266', '100.9313966', '13.1645202', '100.9366201', '0.6 km', 'Turn right at แยก อัสสัมชัญ onto Route 3241'),
(1077, 124, '13.1645202', '100.9366201', '13.1546932', '100.9841393', '5.4 km', 'Turn left to stay on Route 3241'),
(1078, 124, '13.1546932', '100.9841393', '13.1476385', '101.0104849', '3.0 km', 'Keep right to stay on Route 3241'),
(1079, 124, '13.1476385', '101.0104849', '13.1479816', '101.0106311', '42 m', 'Turn left'),
(1080, 124, '13.1479816', '101.0106311', '13.1483855', '101.0106253', '47 m', 'Turn leftDestination will be on the right'),
(1081, 125, '13.1683118', '100.9314592', '13.172763', '100.9315063', '0.5 km', 'Head north on Route 3 toward ศรีราชานคร 4'),
(1082, 125, '13.172763', '100.9315063', '13.1727601', '100.9318952', '56 m', 'Turn right at แยก วัดวังหิน onto ถนน สุรศักดิ์ 2'),
(1083, 125, '13.1727601', '100.9318952', '13.1714585', '100.9395189', '0.8 km', 'ถนน สุรศักดิ์ 2 turns slightly left and becomes วัดวังหิน 2'),
(1084, 125, '13.1714585', '100.9395189', '13.1765399', '100.9414874', '0.7 km', 'Turn left onto ทวีคูณ'),
(1085, 125, '13.1765399', '100.9414874', '13.1781454', '100.9446084', '0.4 km', 'Turn right onto ค่ายลูกเสึอ-ห้วยยายพรหม ซอย 10'),
(1086, 125, '13.1781454', '100.9446084', '13.177642', '100.9452105', '86 m', 'Turn right onto ถนน ค่ายลูกเสือ-ห้วยยายพรหมDestination will be on the right'),
(1087, 126, '13.1683118', '100.9314592', '13.1687989', '100.9314656', '54 m', 'Head north on Route 3 toward ศรีราชานคร 4'),
(1088, 126, '13.1687989', '100.9314656', '13.1677804', '100.9272931', '0.5 km', 'Turn left onto ศรีราชานคร 4'),
(1089, 126, '13.1677804', '100.9272931', '13.1672548', '100.9266235', '0.1 km', 'Continue onto ถนน ศรีราชานคร 2'),
(1090, 126, '13.1672548', '100.9266235', '13.1670564', '100.9252097', '0.2 km', 'Continue onto ศรีราชานคร 3'),
(1091, 126, '13.1670564', '100.9252097', '13.1671989', '100.9244497', '84 m', 'Merge onto เทศบาล 1'),
(1092, 126, '13.1671989', '100.9244497', '13.1641639', '100.9223931', '0.4 km', 'Turn left onto ถนน เจิมจอมพล'),
(1093, 126, '13.1641639', '100.9223931', '13.1606416', '100.9226412', '0.4 km', 'At the roundabout, take the 1st exit onto สุรศักดิ์ 3Destination will be on the left'),
(1094, 127, '13.1683118', '100.9314592', '13.1687989', '100.9314656', '54 m', 'Head north on Route 3 toward ศรีราชานคร 4'),
(1095, 127, '13.1687989', '100.9314656', '13.1688373', '100.9292166', '0.2 km', 'Turn left onto ศรีราชานคร 4'),
(1096, 127, '13.1688373', '100.9292166', '13.1660295', '100.929217', '0.3 km', 'Turn left to stay on ศรีราชานคร 4'),
(1097, 127, '13.1660295', '100.929217', '13.165766', '100.9313127', '0.2 km', 'Turn left onto เทศบาล 1'),
(1098, 127, '13.165766', '100.9313127', '13.1663266', '100.9313966', '63 m', 'Turn left onto Route 3'),
(1099, 127, '13.1663266', '100.9313966', '13.1645202', '100.9366201', '0.6 km', 'Turn right at แยก อัสสัมชัญ onto Route 3241'),
(1100, 127, '13.1645202', '100.9366201', '13.1593721', '100.9407264', '0.7 km', 'Slight right onto ถนน ศรีราชา-หนองยายบู่Destination will be on the right'),
(1101, 128, '13.1683118', '100.9314592', '13.172763', '100.9315063', '0.5 km', 'Head north on Route 3 toward ศรีราชานคร 4'),
(1102, 128, '13.172763', '100.9315063', '13.1734579', '100.926483', '0.5 km', 'Turn left at แยก วัดวังหิน onto ถนน สุรศักดิ์ 2'),
(1103, 128, '13.1734579', '100.926483', '13.1739674', '100.920976', '0.6 km', 'At the roundabout, take the 2nd exit'),
(1104, 128, '13.1739674', '100.920976', '13.1743273', '100.9205278', '75 m', 'At the roundabout, take the 1st exit'),
(1105, 128, '13.1743273', '100.9205278', '13.1741619', '100.9202598', '35 m', 'Turn left'),
(1106, 128, '13.1741619', '100.9202598', '13.1734132', '100.9200495', '86 m', 'Turn left'),
(1107, 128, '13.1734132', '100.9200495', '13.1735648', '100.9198416', '28 m', 'Turn rightDestination will be on the right'),
(1108, 129, '13.1683118', '100.9314592', '13.1687989', '100.9314656', '54 m', 'Head north on Route 3 toward ศรีราชานคร 4'),
(1109, 129, '13.1687989', '100.9314656', '13.1681194', '100.9275315', '0.4 km', 'Turn left onto ศรีราชานคร 4'),
(1110, 129, '13.1681194', '100.9275315', '13.1707003', '100.9273786', '0.3 km', 'Turn right onto ศรีราชานคร 3Destination will be on the right'),
(1111, 130, '7.0063486', '100.4986967', '7.0065121', '100.4989402', '43 m', 'Head north'),
(1112, 130, '7.0065121', '100.4989402', '7.0066032', '100.4989351', '10 m', 'Turn left'),
(1113, 130, '7.0066032', '100.4989351', '7.0064599', '100.4971476', '0.2 km', 'Turn left'),
(1114, 130, '7.0064599', '100.4971476', '7.00832', '100.4970809', '0.2 km', 'Turn right'),
(1115, 130, '7.00832', '100.4970809', '7.0083754', '100.4964574', '69 m', 'Turn left toward Route 407'),
(1116, 130, '7.0083754', '100.4964574', '7.0084912', '100.4939166', '0.3 km', 'At the roundabout, take the 2nd exit'),
(1117, 130, '7.0084912', '100.4939166', '6.9747101', '100.4794956', '4.1 km', 'Turn left at แยก มหาวิทยาลัยสงขลานครินทร์ onto Route 407'),
(1118, 130, '6.9747101', '100.4794956', '6.9755422', '100.4757966', '0.5 km', 'Turn right at ทางแยก คลองหวะ onto Route 4'),
(1119, 130, '6.9755422', '100.4757966', '6.976191', '100.4742043', '0.2 km', 'Slight right to stay on Route 4'),
(1120, 130, '6.976191', '100.4742043', '6.9863684', '100.4327998', '4.7 km', 'Keep right to stay on Route 4'),
(1121, 130, '6.9863684', '100.4327998', '6.9867453', '100.4291065', '0.4 km', 'Keep left'),
(1122, 130, '6.9867453', '100.4291065', '6.9368309', '100.3944334', '7.5 km', 'Turn left at ทางแยก สนามบินใน onto Route 4135'),
(1123, 131, '7.0063486', '100.4986967', '7.0065121', '100.4989402', '43 m', 'Head north'),
(1124, 131, '7.0065121', '100.4989402', '7.0066032', '100.4989351', '10 m', 'Turn left'),
(1125, 131, '7.0066032', '100.4989351', '7.0064599', '100.4971476', '0.2 km', 'Turn left'),
(1126, 131, '7.0064599', '100.4971476', '7.00832', '100.4970809', '0.2 km', 'Turn right'),
(1127, 131, '7.00832', '100.4970809', '7.0083754', '100.4964574', '69 m', 'Turn left toward ถนน ศุภสารรังสรรค์'),
(1128, 131, '7.0083754', '100.4964574', '7.0084912', '100.4939166', '0.3 km', 'At the roundabout, take the 2nd exit'),
(1129, 131, '7.0084912', '100.4939166', '7.0087054', '100.4878712', '0.7 km', 'At แยก มหาวิทยาลัยสงขลานครินทร์, continue onto ถนน ศุภสารรังสรรค์'),
(1130, 131, '7.0087054', '100.4878712', '7.0086345', '100.492235', '0.5 km', 'Make a U-turn at ถนน ประชายินดีDestination will be on the left'),
(1131, 132, '7.0063486', '100.4986967', '7.0065121', '100.4989402', '43 m', 'Head north'),
(1132, 132, '7.0065121', '100.4989402', '7.0066032', '100.4989351', '10 m', 'Turn left'),
(1133, 132, '7.0066032', '100.4989351', '7.0064599', '100.4971476', '0.2 km', 'Turn left'),
(1134, 132, '7.0064599', '100.4971476', '7.00832', '100.4970809', '0.2 km', 'Turn right'),
(1135, 132, '7.00832', '100.4970809', '7.0083754', '100.4964574', '69 m', 'Turn left toward Route 407'),
(1136, 132, '7.0083754', '100.4964574', '7.0084912', '100.4939166', '0.3 km', 'At the roundabout, take the 2nd exit'),
(1137, 132, '7.0084912', '100.4939166', '7.0183507', '100.4972365', '1.2 km', 'Turn right at แยก มหาวิทยาลัยสงขลานครินทร์ onto Route 407'),
(1138, 132, '7.0183507', '100.4972365', '7.0174052', '100.4995106', '0.3 km', 'Turn right'),
(1139, 132, '7.0174052', '100.4995106', '7.0171548', '100.500697', '0.1 km', 'Turn left'),
(1140, 132, '7.0171548', '100.500697', '7.017813', '100.5013529', '0.1 km', 'Turn left'),
(1141, 132, '7.017813', '100.5013529', '7.0191967', '100.5021395', '0.2 km', 'Keep left'),
(1142, 132, '7.0191967', '100.5021395', '7.0190637', '100.5025352', '46 m', 'Turn right'),
(1143, 132, '7.0190637', '100.5025352', '7.0198386', '100.5027899', '91 m', 'Turn left'),
(1144, 132, '7.0198386', '100.5027899', '7.0192946', '100.5048723', '0.2 km', 'Turn right'),
(1145, 132, '7.0192946', '100.5048723', '7.0188346', '100.5058789', '0.1 km', 'Turn right'),
(1146, 132, '7.0188346', '100.5058789', '7.0172834', '100.5081461', '0.4 km', 'Turn right'),
(1147, 133, '7.0063486', '100.4986967', '7.0065121', '100.4989402', '43 m', 'Head north'),
(1148, 133, '7.0065121', '100.4989402', '7.0066032', '100.4989351', '10 m', 'Turn left'),
(1149, 133, '7.0066032', '100.4989351', '7.0064599', '100.4971476', '0.2 km', 'Turn left'),
(1150, 133, '7.0064599', '100.4971476', '7.00832', '100.4970809', '0.2 km', 'Turn right'),
(1151, 133, '7.00832', '100.4970809', '7.0083754', '100.4964574', '69 m', 'Turn left toward Route 407'),
(1152, 133, '7.0083754', '100.4964574', '7.0084912', '100.4939166', '0.3 km', 'At the roundabout, take the 2nd exit'),
(1153, 133, '7.0084912', '100.4939166', '7.0183507', '100.4972365', '1.2 km', 'Turn right at แยก มหาวิทยาลัยสงขลานครินทร์ onto Route 407'),
(1154, 133, '7.0183507', '100.4972365', '7.018211', '100.497947', '80 m', 'Turn right'),
(1155, 133, '7.018211', '100.497947', '7.0168599', '100.4977112', '0.2 km', 'Turn right'),
(1156, 133, '7.0168599', '100.4977112', '7.0165378', '100.4993213', '0.2 km', 'Turn left'),
(1157, 133, '7.0165378', '100.4993213', '7.0164238', '100.499292', '13 m', 'Turn right'),
(1158, 133, '7.0164238', '100.499292', '7.0152506', '100.5046297', '0.6 km', 'Turn left'),
(1159, 133, '7.0152506', '100.5046297', '7.014766', '100.5045096', '55 m', 'Turn rightDestination will be on the left'),
(1160, 134, '7.0063486', '100.4986967', '7.0065121', '100.4989402', '43 m', 'Head north'),
(1161, 134, '7.0065121', '100.4989402', '7.0066032', '100.4989351', '10 m', 'Turn left'),
(1162, 134, '7.0066032', '100.4989351', '7.0064599', '100.4971476', '0.2 km', 'Turn left'),
(1163, 134, '7.0064599', '100.4971476', '7.00832', '100.4970809', '0.2 km', 'Turn right'),
(1164, 134, '7.00832', '100.4970809', '7.0083754', '100.4964574', '69 m', 'Turn left toward Route 407'),
(1165, 134, '7.0083754', '100.4964574', '7.0084912', '100.4939166', '0.3 km', 'At the roundabout, take the 2nd exit'),
(1166, 134, '7.0084912', '100.4939166', '6.9989194', '100.4891102', '1.2 km', 'Turn left at แยก มหาวิทยาลัยสงขลานครินทร์ onto Route 407'),
(1167, 134, '6.9989194', '100.4891102', '6.9981984', '100.4845666', '0.5 km', 'Turn right at ทางแยก คลองเรียน onto ถนน ศรีภูวนารถ'),
(1168, 134, '6.9981984', '100.4845666', '6.9983497', '100.4847413', '35 m', 'Make a U-turn at คลองเรียน 2Destination will be on the left'),
(1169, 135, '7.0063486', '100.4986967', '7.0061047', '100.4999431', '0.2 km', 'Head south'),
(1170, 135, '7.0061047', '100.4999431', '7.0059547', '100.4999695', '17 m', 'Turn right toward Route 2085'),
(1171, 135, '7.0059547', '100.4999695', '7.0059557', '100.5000918', '13 m', 'Turn left toward Route 2085'),
(1172, 135, '7.0059557', '100.5000918', '7.0018973', '100.5001547', '0.5 km', 'Turn right toward Route 2085Go through 1 roundabout'),
(1173, 135, '7.0018973', '100.5001547', '7.0019388', '100.4982522', '0.2 km', 'Turn right onto Route 2085'),
(1174, 135, '7.0019388', '100.4982522', '7.0014158', '100.4982351', '58 m', 'Turn left onto ซอย หมู่บ้านวิลล่าเฮ้าส์'),
(1175, 135, '7.0014158', '100.4982351', '7.0014232', '100.4977358', '55 m', 'Turn right to stay on ซอย หมู่บ้านวิลล่าเฮ้าส์Destination will be on the right'),
(1176, 136, '7.0063486', '100.4986967', '7.0061047', '100.4999431', '0.2 km', 'Head south'),
(1177, 136, '7.0061047', '100.4999431', '7.0059547', '100.4999695', '17 m', 'Turn right toward Route 2085'),
(1178, 136, '7.0059547', '100.4999695', '7.0059557', '100.5000918', '13 m', 'Turn left toward Route 2085'),
(1179, 136, '7.0059557', '100.5000918', '7.0018973', '100.5001547', '0.5 km', 'Turn right toward Route 2085Go through 1 roundabout'),
(1180, 136, '7.0018973', '100.5001547', '6.9992845', '100.5153096', '1.8 km', 'Turn left onto Route 2085'),
(1181, 136, '6.9992845', '100.5153096', '6.9968718', '100.5154194', '0.3 km', 'Turn right onto ปุณณกัณฑ์ ซอย 10'),
(1182, 136, '6.9968718', '100.5154194', '6.9957386', '100.5124635', '0.5 km', 'Turn rightDestination will be on the left'),
(1183, 137, '7.9060634', '98.3665805', '7.9055949', '98.3669901', '92 m', 'Head south'),
(1184, 137, '7.9055949', '98.3669901', '7.9057832', '98.367597', '70 m', 'Continue straight'),
(1185, 137, '7.9057832', '98.367597', '7.8876018', '98.3668981', '2.1 km', 'Turn right at ทางแยก สามกอง onto Route 402'),
(1186, 137, '7.8876018', '98.3668981', '7.8872047', '98.3666673', '51 m', 'Continue straight to stay on Route 402'),
(1187, 137, '7.8872047', '98.3666673', '7.8651011', '98.3483249', '3.6 km', 'Continue onto Route 4022'),
(1188, 137, '7.8651011', '98.3483249', '7.8222551', '98.3408296', '5.6 km', 'Continue onto Route 4021'),
(1189, 137, '7.8222551', '98.3408296', '7.7757635', '98.3277917', '5.4 km', 'At the roundabout, continue straight onto Route 4024'),
(1190, 137, '7.7757635', '98.3277917', '7.7700544', '98.3170765', '1.4 km', 'Turn right onto Route 4233'),
(1191, 137, '7.7700544', '98.3170765', '7.7695776', '98.3149857', '0.2 km', 'Continue onto ทางหลวงชนบท ภูเก็ต 4161'),
(1192, 137, '7.7695776', '98.3149857', '7.7615468', '98.306267', '1.5 km', 'Turn left onto Route 4233'),
(1193, 137, '7.7615468', '98.306267', '7.7616339', '98.3051842', '0.1 km', 'Slight left'),
(1194, 138, '7.9060634', '98.3665805', '7.9055949', '98.3669901', '92 m', 'Head south'),
(1195, 138, '7.9055949', '98.3669901', '7.9057832', '98.367597', '70 m', 'Continue straight'),
(1196, 138, '7.9057832', '98.367597', '7.8897417', '98.3681167', '1.9 km', 'Turn right at ทางแยก สามกอง onto Route 402'),
(1197, 138, '7.8897417', '98.3681167', '7.8869991', '98.3736236', '0.7 km', 'Turn left onto Route 4020'),
(1198, 138, '7.8869991', '98.3736236', '7.8883413', '98.3821788', '1.0 km', 'Slight left onto ถนน แม่หลวน'),
(1199, 138, '7.8883413', '98.3821788', '7.8922284', '98.3816865', '1.2 km', 'Turn left onto ถนน คอซิมบี้'),
(1200, 138, '7.8922284', '98.3816865', '7.8936703', '98.379706', '0.6 km', 'Turn left at ซอย วชิระDestination will be on the left'),
(1201, 139, '7.9060634', '98.3665805', '7.9055949', '98.3669901', '92 m', 'Head south'),
(1202, 139, '7.9055949', '98.3669901', '7.9057832', '98.367597', '70 m', 'Continue straight'),
(1203, 139, '7.9057832', '98.367597', '7.8876018', '98.3668981', '2.1 km', 'Turn right at ทางแยก สามกอง onto Route 402'),
(1204, 139, '7.8876018', '98.3668981', '7.8872047', '98.3666673', '51 m', 'Continue straight to stay on Route 402'),
(1205, 139, '7.8872047', '98.3666673', '7.874705', '98.3634463', '1.5 km', 'Continue onto Route 4022'),
(1206, 139, '7.874705', '98.3634463', '7.8700651', '98.3745598', '1.3 km', 'Turn left'),
(1207, 139, '7.8700651', '98.3745598', '7.8686219', '98.38051', '0.7 km', 'Keep right'),
(1208, 139, '7.8686219', '98.38051', '7.869497', '98.3917769', '1.2 km', 'Continue straight onto ศักดิเดชน์ ซอย 7'),
(1209, 139, '7.869497', '98.3917769', '7.8618832', '98.4001951', '1.3 km', 'Turn right onto ซอย บางใหญ่'),
(1210, 140, '7.9060634', '98.3665805', '7.9055949', '98.3669901', '92 m', 'Head south'),
(1211, 140, '7.9055949', '98.3669901', '7.9057832', '98.367597', '70 m', 'Continue straight'),
(1212, 140, '7.9057832', '98.367597', '7.8897417', '98.3681167', '1.9 km', 'Turn right at ทางแยก สามกอง onto Route 402'),
(1213, 140, '7.8897417', '98.3681167', '7.8869991', '98.3736236', '0.7 km', 'Turn left onto Route 4020'),
(1214, 140, '7.8869991', '98.3736236', '7.8883413', '98.3821788', '1.0 km', 'Slight left onto ถนน แม่หลวน'),
(1215, 140, '7.8883413', '98.3821788', '7.8922284', '98.3816865', '1.2 km', 'Turn left onto ถนน คอซิมบี้'),
(1216, 140, '7.8922284', '98.3816865', '7.8936703', '98.379706', '0.6 km', 'Turn left at ซอย วชิระDestination will be on the left'),
(1217, 141, '7.9060634', '98.3665805', '7.9055949', '98.3669901', '92 m', 'Head south'),
(1218, 141, '7.9055949', '98.3669901', '7.9057832', '98.367597', '70 m', 'Continue straight'),
(1219, 141, '7.9057832', '98.367597', '7.9086444', '98.3856273', '2.1 km', 'Continue straight through ทางแยก สามกอง onto ถนนเยาวราช'),
(1220, 141, '7.9086444', '98.3856273', '7.9093089', '98.3852343', '86 m', 'Turn left'),
(1221, 141, '7.9093089', '98.3852343', '7.9106653', '98.3852514', '0.2 km', 'Turn rightDestination will be on the left'),
(1222, 142, '7.9060634', '98.3665805', '7.9055949', '98.3669901', '92 m', 'Head south'),
(1223, 142, '7.9055949', '98.3669901', '7.9057832', '98.367597', '70 m', 'Continue straight'),
(1224, 142, '7.9057832', '98.367597', '7.8897417', '98.3681167', '1.9 km', 'Turn right at ทางแยก สามกอง onto Route 402'),
(1225, 142, '7.8897417', '98.3681167', '7.8869991', '98.3736236', '0.7 km', 'Turn left onto Route 4020'),
(1226, 142, '7.8869991', '98.3736236', '7.8883413', '98.3821788', '1.0 km', 'Slight left onto ถนน แม่หลวน'),
(1227, 142, '7.8883413', '98.3821788', '7.8922284', '98.3816865', '1.2 km', 'Turn left onto ถนน คอซิมบี้'),
(1228, 142, '7.8922284', '98.3816865', '7.8936703', '98.379706', '0.6 km', 'Turn left at ซอย วชิระDestination will be on the left'),
(1229, 143, '7.9060634', '98.3665805', '7.9055949', '98.3669901', '92 m', 'Head south'),
(1230, 143, '7.9055949', '98.3669901', '7.9057832', '98.367597', '70 m', 'Continue straight'),
(1231, 143, '7.9057832', '98.367597', '7.8902007', '98.3683494', '1.8 km', 'Turn right at ทางแยก สามกอง onto Route 402'),
(1232, 143, '7.8902007', '98.3683494', '7.8917673', '98.3688001', '0.2 km', 'Make a U-turn'),
(1233, 143, '7.8917673', '98.3688001', '7.8918067', '98.3686477', '17 m', 'Turn left'),
(1234, 144, '7.9060634', '98.3665805', '7.9055949', '98.3669901', '92 m', 'Head south'),
(1235, 144, '7.9055949', '98.3669901', '7.9057832', '98.367597', '70 m', 'Continue straight'),
(1236, 144, '7.9057832', '98.367597', '7.8876018', '98.3668981', '2.1 km', 'Turn right at ทางแยก สามกอง onto Route 402'),
(1237, 144, '7.8876018', '98.3668981', '7.8872047', '98.3666673', '51 m', 'Continue straight to stay on Route 402'),
(1238, 144, '7.8872047', '98.3666673', '7.8651011', '98.3483249', '3.6 km', 'Continue onto Route 4022'),
(1239, 144, '7.8651011', '98.3483249', '7.8222551', '98.3408296', '5.6 km', 'Continue onto Route 4021'),
(1240, 144, '7.8222551', '98.3408296', '7.7757635', '98.3277917', '5.4 km', 'At the roundabout, continue straight onto Route 4024'),
(1241, 144, '7.7757635', '98.3277917', '7.7700544', '98.3170765', '1.4 km', 'Turn right onto Route 4233'),
(1242, 144, '7.7700544', '98.3170765', '7.7695776', '98.3149857', '0.2 km', 'Continue onto ทางหลวงชนบท ภูเก็ต 4161'),
(1243, 144, '7.7695776', '98.3149857', '7.7615468', '98.306267', '1.5 km', 'Turn left onto Route 4233'),
(1244, 144, '7.7615468', '98.306267', '7.7616339', '98.3051842', '0.1 km', 'Slight left'),
(1245, 145, '7.9060634', '98.3665805', '7.9055949', '98.3669901', '92 m', 'Head south'),
(1246, 145, '7.9055949', '98.3669901', '7.9057832', '98.367597', '70 m', 'Continue straight'),
(1247, 145, '7.9057832', '98.367597', '7.8897417', '98.3681167', '1.9 km', 'Turn right at ทางแยก สามกอง onto Route 402'),
(1248, 145, '7.8897417', '98.3681167', '7.8869991', '98.3736236', '0.7 km', 'Turn left onto Route 4020'),
(1249, 145, '7.8869991', '98.3736236', '7.8883413', '98.3821788', '1.0 km', 'Slight left onto ถนน แม่หลวน'),
(1250, 145, '7.8883413', '98.3821788', '7.8922284', '98.3816865', '1.2 km', 'Turn left onto ถนน คอซิมบี้'),
(1251, 145, '7.8922284', '98.3816865', '7.8936703', '98.379706', '0.6 km', 'Turn left at ซอย วชิระDestination will be on the left'),
(1252, 146, '7.9060634', '98.3665805', '7.9055949', '98.3669901', '92 m', 'Head south'),
(1253, 146, '7.9055949', '98.3669901', '7.9057832', '98.367597', '70 m', 'Continue straight'),
(1254, 146, '7.9057832', '98.367597', '7.8897417', '98.3681167', '1.9 km', 'Turn right at ทางแยก สามกอง onto Route 402'),
(1255, 146, '7.8897417', '98.3681167', '7.8869991', '98.3736236', '0.7 km', 'Turn left onto Route 4020'),
(1256, 146, '7.8869991', '98.3736236', '7.8883413', '98.3821788', '1.0 km', 'Slight left onto ถนน แม่หลวน'),
(1257, 146, '7.8883413', '98.3821788', '7.8922284', '98.3816865', '1.2 km', 'Turn left onto ถนน คอซิมบี้'),
(1258, 146, '7.8922284', '98.3816865', '7.8936703', '98.379706', '0.6 km', 'Turn left at ซอย วชิระDestination will be on the left'),
(1259, 147, '7.9060634', '98.3665805', '7.9055949', '98.3669901', '92 m', 'Head south'),
(1260, 147, '7.9055949', '98.3669901', '7.9057832', '98.367597', '70 m', 'Continue straight'),
(1261, 147, '7.9057832', '98.367597', '7.9060808', '98.3691037', '0.2 km', 'Continue straight through ทางแยก สามกอง onto ถนนเยาวราช'),
(1262, 147, '7.9060808', '98.3691037', '7.9081174', '98.3498122', '2.3 km', 'Make a U-turn'),
(1263, 147, '7.9081174', '98.3498122', '7.9071359', '98.3552581', '0.7 km', 'Make a U-turn'),
(1264, 147, '7.9071359', '98.3552581', '7.9135766', '98.3574601', '0.8 km', 'Turn leftPartial restricted usage road'),
(1265, 147, '7.9135766', '98.3574601', '7.9127711', '98.3559957', '0.2 km', 'Turn leftRestricted usage roadDestination will be on the right'),
(1266, 148, '7.9060634', '98.3665805', '7.9055949', '98.3669901', '92 m', 'Head south'),
(1267, 148, '7.9055949', '98.3669901', '7.9057832', '98.367597', '70 m', 'Continue straight'),
(1268, 148, '7.9057832', '98.367597', '7.8897417', '98.3681167', '1.9 km', 'Turn right at ทางแยก สามกอง onto Route 402'),
(1269, 148, '7.8897417', '98.3681167', '7.8869543', '98.3738169', '0.7 km', 'Turn left onto Route 4020'),
(1270, 148, '7.8869543', '98.3738169', '7.8848934', '98.3824392', '1.0 km', 'Continue onto ถนน วิชิตสงคราม'),
(1271, 148, '7.8848934', '98.3824392', '7.8851524', '98.385229', '0.3 km', 'Continue onto ถนน กระบี่'),
(1272, 148, '7.8851524', '98.385229', '7.8865735', '98.3854144', '0.2 km', 'ถนน กระบี่ turns left and becomes ถนน สตูล'),
(1273, 148, '7.8865735', '98.3854144', '7.8859255', '98.3905452', '0.6 km', 'Turn right onto ถนน ดีบุก'),
(1274, 148, '7.8859255', '98.3905452', '7.8846489', '98.3907858', '0.1 km', 'Turn right onto ถนน เทพกระษัตรี'),
(1275, 148, '7.8846489', '98.3907858', '7.8835737', '98.3908539', '0.1 km', 'Continue onto ถนน ภูเก็ต'),
(1276, 148, '7.8835737', '98.3908539', '7.8834764', '98.3921835', '0.1 km', 'Turn left at สี่แยก ธนาคารชาร์เตอร์ onto ถนน พังงา'),
(1277, 148, '7.8834764', '98.3921835', '7.883389', '98.3921556', '10 m', 'Turn right'),
(1278, 148, '7.883389', '98.3921556', '7.8833759', '98.3923215', '18 m', 'Turn leftDestination will be on the right'),
(1279, 149, '7.8999066', '98.3776836', '7.9004756', '98.3767831', '0.1 km', 'Head northwest on ซอย เฟื่องฟ้า toward ซอย ดอกแก้ว'),
(1280, 149, '7.9004756', '98.3767831', '7.9005038', '98.3765489', '26 m', 'Turn left onto ซอย แสงจันทร์'),
(1281, 149, '7.9005038', '98.3765489', '7.8984628', '98.3747223', '0.3 km', 'Turn left at ถนน เอกวานิช'),
(1282, 149, '7.8984628', '98.3747223', '7.8944814', '98.3751834', '0.5 km', 'Continue onto ถนน เอกวานิช'),
(1283, 149, '7.8944814', '98.3751834', '7.8901616', '98.3729709', '0.6 km', 'Turn right to stay on ถนน เอกวานิช'),
(1284, 149, '7.8901616', '98.3729709', '7.888164', '98.3707807', '0.4 km', 'Turn right to stay on ถนน เอกวานิช'),
(1285, 149, '7.888164', '98.3707807', '7.8991126', '98.3585756', '2.1 km', 'Turn right onto Route 4020'),
(1286, 149, '7.8991126', '98.3585756', '7.8941604', '98.3577415', '0.8 km', 'Turn left'),
(1287, 149, '7.8941604', '98.3577415', '7.8933593', '98.3566844', '0.2 km', 'Turn right'),
(1288, 149, '7.8933593', '98.3566844', '7.8932334', '98.3568459', '28 m', 'Turn leftDestination will be on the left'),
(1289, 150, '7.9060634', '98.3665805', '7.9055949', '98.3669901', '92 m', 'Head south'),
(1290, 150, '7.9055949', '98.3669901', '7.9057832', '98.367597', '70 m', 'Continue straight'),
(1291, 150, '7.9057832', '98.367597', '7.9063679', '98.3816776', '1.6 km', 'Continue straight through ทางแยก สามกอง onto ถนนเยาวราช'),
(1292, 150, '7.9063679', '98.3816776', '7.9072429', '98.3821447', '0.1 km', 'Turn left toward ซอย สุขะโต 1'),
(1293, 150, '7.9072429', '98.3821447', '7.9072988', '98.3821361', '6 m', 'Turn left toward ซอย สุขะโต 1'),
(1294, 150, '7.9072988', '98.3821361', '7.9075275', '98.3815297', '0.1 km', 'Turn left onto ซอย สุขะโต 1'),
(1295, 150, '7.9075275', '98.3815297', '7.9074217', '98.3808918', '71 m', 'Turn left onto ซอย สุขะโต 2'),
(1296, 151, '7.9060634', '98.3665805', '7.9055949', '98.3669901', '92 m', 'Head south'),
(1297, 151, '7.9055949', '98.3669901', '7.9057832', '98.367597', '70 m', 'Continue straight'),
(1298, 151, '7.9057832', '98.367597', '7.9060808', '98.3691037', '0.2 km', 'Continue straight through ทางแยก สามกอง onto ถนนเยาวราช'),
(1299, 151, '7.9060808', '98.3691037', '7.9088397', '98.3453698', '2.8 km', 'Make a U-turn'),
(1300, 151, '7.9088397', '98.3453698', '7.9084407', '98.3477621', '0.3 km', 'Make a U-turnDestination will be on the left'),
(1301, 152, '7.9060634', '98.3665805', '7.9055949', '98.3669901', '92 m', 'Head south'),
(1302, 152, '7.9055949', '98.3669901', '7.9057832', '98.367597', '70 m', 'Continue straight'),
(1303, 152, '7.9057832', '98.367597', '7.8893853', '98.367902', '1.9 km', 'Turn right at ทางแยก สามกอง onto Route 402'),
(1304, 152, '7.8893853', '98.367902', '7.8991436', '98.3454064', '3.3 km', 'Turn right at แยก ดาราสมุทร onto Route 4020'),
(1305, 152, '7.8991436', '98.3454064', '7.9024754', '98.3437733', '0.5 km', 'Turn rightDestination will be on the left'),
(1306, 153, '7.9060634', '98.3665805', '7.9055949', '98.3669901', '92 m', 'Head south'),
(1307, 153, '7.9055949', '98.3669901', '7.9057832', '98.367597', '70 m', 'Continue straight'),
(1308, 153, '7.9057832', '98.367597', '7.8897417', '98.3681167', '1.9 km', 'Turn right at ทางแยก สามกอง onto Route 402'),
(1309, 153, '7.8897417', '98.3681167', '7.8869991', '98.3736236', '0.7 km', 'Turn left onto Route 4020'),
(1310, 153, '7.8869991', '98.3736236', '7.8883413', '98.3821788', '1.0 km', 'Slight left onto ถนน แม่หลวน'),
(1311, 153, '7.8883413', '98.3821788', '7.8922284', '98.3816865', '1.2 km', 'Turn left onto ถนน คอซิมบี้'),
(1312, 153, '7.8922284', '98.3816865', '7.8936703', '98.379706', '0.6 km', 'Turn left at ซอย วชิระDestination will be on the left'),
(1313, 154, '7.9060634', '98.3665805', '7.9055949', '98.3669901', '92 m', 'Head south'),
(1314, 154, '7.9055949', '98.3669901', '7.9057832', '98.367597', '70 m', 'Continue straight'),
(1315, 154, '7.9057832', '98.367597', '7.8876018', '98.3668981', '2.1 km', 'Turn right at ทางแยก สามกอง onto Route 402'),
(1316, 154, '7.8876018', '98.3668981', '7.8872047', '98.3666673', '51 m', 'Continue straight to stay on Route 402'),
(1317, 154, '7.8872047', '98.3666673', '7.8651011', '98.3483249', '3.6 km', 'Continue onto Route 4022'),
(1318, 154, '7.8651011', '98.3483249', '7.8222551', '98.3408296', '5.6 km', 'Continue onto Route 4021'),
(1319, 154, '7.8222551', '98.3408296', '7.7757635', '98.3277917', '5.4 km', 'At the roundabout, continue straight onto Route 4024'),
(1320, 154, '7.7757635', '98.3277917', '7.7700544', '98.3170765', '1.4 km', 'Turn right onto Route 4233'),
(1321, 154, '7.7700544', '98.3170765', '7.7695776', '98.3149857', '0.2 km', 'Continue onto ทางหลวงชนบท ภูเก็ต 4161'),
(1322, 154, '7.7695776', '98.3149857', '7.7615468', '98.306267', '1.5 km', 'Turn left onto Route 4233'),
(1323, 154, '7.7615468', '98.306267', '7.7616339', '98.3051842', '0.1 km', 'Slight left'),
(1324, 155, '7.9060634', '98.3665805', '7.9055949', '98.3669901', '92 m', 'Head south'),
(1325, 155, '7.9055949', '98.3669901', '7.9057832', '98.367597', '70 m', 'Continue straight'),
(1326, 155, '7.9057832', '98.367597', '7.8897417', '98.3681167', '1.9 km', 'Turn right at ทางแยก สามกอง onto Route 402'),
(1327, 155, '7.8897417', '98.3681167', '7.8869991', '98.3736236', '0.7 km', 'Turn left onto Route 4020'),
(1328, 155, '7.8869991', '98.3736236', '7.8883413', '98.3821788', '1.0 km', 'Slight left onto ถนน แม่หลวน'),
(1329, 155, '7.8883413', '98.3821788', '7.8922284', '98.3816865', '1.2 km', 'Turn left onto ถนน คอซิมบี้'),
(1330, 155, '7.8922284', '98.3816865', '7.8936703', '98.379706', '0.6 km', 'Turn left at ซอย วชิระDestination will be on the left'),
(1331, 156, '7.9060634', '98.3665805', '7.9055949', '98.3669901', '92 m', 'Head south'),
(1332, 156, '7.9055949', '98.3669901', '7.9057832', '98.367597', '70 m', 'Continue straight'),
(1333, 156, '7.9057832', '98.367597', '7.9063679', '98.3816776', '1.6 km', 'Continue straight through ทางแยก สามกอง onto ถนนเยาวราช'),
(1334, 156, '7.9063679', '98.3816776', '7.9072429', '98.3821447', '0.1 km', 'Turn left toward ซอย สุขะโต 1'),
(1335, 156, '7.9072429', '98.3821447', '7.9072988', '98.3821361', '6 m', 'Turn left toward ซอย สุขะโต 1'),
(1336, 156, '7.9072988', '98.3821361', '7.9078948', '98.3814657', '0.1 km', 'Turn left onto ซอย สุขะโต 1'),
(1337, 156, '7.9078948', '98.3814657', '7.9080459', '98.3810428', '54 m', 'Turn left'),
(1338, 157, '7.9060634', '98.3665805', '7.9055949', '98.3669901', '92 m', 'Head south'),
(1339, 157, '7.9055949', '98.3669901', '7.9057832', '98.367597', '70 m', 'Continue straight'),
(1340, 157, '7.9057832', '98.367597', '7.9067529', '98.377898', '1.2 km', 'Continue straight through ทางแยก สามกอง onto ถนนเยาวราช'),
(1341, 157, '7.9067529', '98.377898', '7.8970496', '98.3841455', '1.4 km', 'Turn right to stay on ถนน เยาวราช'),
(1342, 157, '7.8970496', '98.3841455', '7.897005', '98.3840294', '14 m', 'Turn right'),
(1343, 157, '7.897005', '98.3840294', '7.8969422', '98.3840635', '8 m', 'Turn left'),
(1344, 158, '7.9060634', '98.3665805', '7.9055949', '98.3669901', '92 m', 'Head south'),
(1345, 158, '7.9055949', '98.3669901', '7.9057832', '98.367597', '70 m', 'Continue straight'),
(1346, 158, '7.9057832', '98.367597', '7.8897417', '98.3681167', '1.9 km', 'Turn right at ทางแยก สามกอง onto Route 402'),
(1347, 158, '7.8897417', '98.3681167', '7.8869991', '98.3736236', '0.7 km', 'Turn left onto Route 4020'),
(1348, 158, '7.8869991', '98.3736236', '7.8883413', '98.3821788', '1.0 km', 'Slight left onto ถนน แม่หลวน'),
(1349, 158, '7.8883413', '98.3821788', '7.8922284', '98.3816865', '1.2 km', 'Turn left onto ถนน คอซิมบี้'),
(1350, 158, '7.8922284', '98.3816865', '7.8936703', '98.379706', '0.6 km', 'Turn left at ซอย วชิระDestination will be on the left'),
(1351, 159, '13.1683118', '100.9314592', '13.2138888', '100.9428293', '5.4 km', 'Head north on Route 3 toward ศรีราชานคร 4'),
(1352, 159, '13.2138888', '100.9428293', '13.2222409', '100.9629911', '2.8 km', 'Turn right onto ถนน สุขาภิบาล 7/ถนน เทศบาล 7Continue to follow ถนน เทศบาล 7'),
(1353, 159, '13.2222409', '100.9629911', '13.2226988', '100.9631035', '52 m', 'Continue onto ถนน สุขาภิบาล 7/ถนน เทศบาล 9'),
(1354, 159, '13.2226988', '100.9631035', '13.2110306', '101.0016098', '7.9 km', 'Turn right onto Route 3144'),
(1355, 159, '13.2110306', '101.0016098', '13.2076816', '101.0067325', '0.7 km', 'Turn left to stay on Route 3144'),
(1356, 159, '13.2076816', '101.0067325', '13.2047173', '101.0203029', '1.6 km', 'Merge onto ชบ.4036'),
(1357, 159, '13.2047173', '101.0203029', '13.2108502', '101.0240469', '0.8 km', 'Turn left to stay on ชบ.4036'),
(1358, 159, '13.2108502', '101.0240469', '13.214434', '101.0552517', '3.6 km', 'Turn right to stay on ชบ.4036'),
(1359, 159, '13.214434', '101.0552517', '13.2150777', '101.0565592', '0.2 km', 'Turn leftDestination will be on the left'),
(1360, 160, '7.0063486', '100.4986967', '7.0065121', '100.4989402', '43 m', 'Head north'),
(1361, 160, '7.0065121', '100.4989402', '7.0066032', '100.4989351', '10 m', 'Turn left'),
(1362, 160, '7.0066032', '100.4989351', '7.0064599', '100.4971476', '0.2 km', 'Turn left'),
(1363, 160, '7.0064599', '100.4971476', '7.00832', '100.4970809', '0.2 km', 'Turn right'),
(1364, 160, '7.00832', '100.4970809', '7.0083754', '100.4964574', '69 m', 'Turn left toward ถนน ศุภสารรังสรรค์');
INSERT INTO `user_outgoing_detail` (`user_outgoing_detail_id`, `user_outgoing_id`, `start_lat`, `start_lng`, `end_lat`, `end_lng`, `distance`, `instruction`) VALUES
(1365, 160, '7.0083754', '100.4964574', '7.0084912', '100.4939166', '0.3 km', 'At the roundabout, take the 2nd exit'),
(1366, 160, '7.0084912', '100.4939166', '7.008926', '100.4812799', '1.4 km', 'At แยก มหาวิทยาลัยสงขลานครินทร์, continue onto ถนน ศุภสารรังสรรค์'),
(1367, 160, '7.008926', '100.4812799', '7.0092209', '100.4812389', '43 m', 'Turn right onto ถนน ราษฎร์ยินดี'),
(1368, 160, '7.0092209', '100.4812389', '7.008891', '100.4765507', '0.5 km', 'Turn left at the 1st cross street onto ถนน ศุภสารรังสรรค์'),
(1369, 160, '7.008891', '100.4765507', '7.0103373', '100.476474', '0.2 km', 'Turn right onto ศุภสารรังสรรค์ ซอย 3'),
(1370, 160, '7.0103373', '100.476474', '7.0105284', '100.4700666', '0.7 km', 'Turn left onto ถนน แสงศรี'),
(1371, 160, '7.0105284', '100.4700666', '7.0115981', '100.4703135', '0.1 km', 'Turn right at ทางแยก แ ส ง ด่ ธี onto ถนน เพชรเกษมDestination will be on the left');

--
-- Indexes for dumped tables
--

--
-- Indexes for table `branch`
--
ALTER TABLE `branch`
  ADD PRIMARY KEY (`branch_id`),
  ADD KEY `branch_name` (`branch_name`);

--
-- Indexes for table `branch_destination`
--
ALTER TABLE `branch_destination`
  ADD PRIMARY KEY (`branch_destination_id`);

--
-- Indexes for table `user`
--
ALTER TABLE `user`
  ADD PRIMARY KEY (`user_id`),
  ADD KEY `branch_name` (`branch_name`);

--
-- Indexes for table `user_outgoing`
--
ALTER TABLE `user_outgoing`
  ADD PRIMARY KEY (`user_outgoing_id`),
  ADD KEY `branch_id` (`branch_id`),
  ADD KEY `user_id` (`user_id`);

--
-- Indexes for table `user_outgoing_detail`
--
ALTER TABLE `user_outgoing_detail`
  ADD PRIMARY KEY (`user_outgoing_detail_id`),
  ADD KEY `user_outgoing_id` (`user_outgoing_id`);

--
-- AUTO_INCREMENT for dumped tables
--

--
-- AUTO_INCREMENT for table `branch`
--
ALTER TABLE `branch`
  MODIFY `branch_id` int(11) NOT NULL AUTO_INCREMENT, AUTO_INCREMENT=6;
--
-- AUTO_INCREMENT for table `branch_destination`
--
ALTER TABLE `branch_destination`
  MODIFY `branch_destination_id` int(11) NOT NULL AUTO_INCREMENT, AUTO_INCREMENT=27;
--
-- AUTO_INCREMENT for table `user`
--
ALTER TABLE `user`
  MODIFY `user_id` int(11) NOT NULL AUTO_INCREMENT, AUTO_INCREMENT=7;
--
-- AUTO_INCREMENT for table `user_outgoing`
--
ALTER TABLE `user_outgoing`
  MODIFY `user_outgoing_id` int(11) NOT NULL AUTO_INCREMENT, AUTO_INCREMENT=161;
--
-- AUTO_INCREMENT for table `user_outgoing_detail`
--
ALTER TABLE `user_outgoing_detail`
  MODIFY `user_outgoing_detail_id` int(11) NOT NULL AUTO_INCREMENT, AUTO_INCREMENT=1372;COMMIT;

/*!40101 SET CHARACTER_SET_CLIENT=@OLD_CHARACTER_SET_CLIENT */;
/*!40101 SET CHARACTER_SET_RESULTS=@OLD_CHARACTER_SET_RESULTS */;
/*!40101 SET COLLATION_CONNECTION=@OLD_COLLATION_CONNECTION */;
