-- phpMyAdmin SQL Dump
-- version 4.7.0
-- https://www.phpmyadmin.net/
--
-- Host: 127.0.0.1
-- Generation Time: Sep 26, 2017 at 12:44 PM
-- Server version: 10.1.25-MariaDB
-- PHP Version: 7.1.7

SET SQL_MODE = "NO_AUTO_VALUE_ON_ZERO";
SET AUTOCOMMIT = 0;
START TRANSACTION;
SET time_zone = "+00:00";


/*!40101 SET @OLD_CHARACTER_SET_CLIENT=@@CHARACTER_SET_CLIENT */;
/*!40101 SET @OLD_CHARACTER_SET_RESULTS=@@CHARACTER_SET_RESULTS */;
/*!40101 SET @OLD_COLLATION_CONNECTION=@@COLLATION_CONNECTION */;
/*!40101 SET NAMES utf8mb4 */;

--
-- Database: `pongcool_ps`
--

-- --------------------------------------------------------

--
-- Table structure for table `branch`
--

CREATE TABLE `branch` (
  `branch_id` int(11) NOT NULL,
  `branch_name` varchar(255) NOT NULL,
  `branch_address` text NOT NULL,
  `branch_tel` varchar(100) NOT NULL,
  `branch_active` enum('yes','no') NOT NULL,
  `datetime_entered` datetime NOT NULL,
  `branch_lat` varchar(100) NOT NULL,
  `branch_lng` varchar(100) NOT NULL
) ENGINE=MyISAM DEFAULT CHARSET=utf8;

--
-- Dumping data for table `branch`
--

INSERT INTO `branch` (`branch_id`, `branch_name`, `branch_address`, `branch_tel`, `branch_active`, `datetime_entered`, `branch_lat`, `branch_lng`) VALUES
(1, 'ภูเก็ต', '96/60 โครงการเดอะรอยัลเพลสภูเก็ต ถ.พระภูเก็ตแก้ว ต.กะทู้ อ.กะทู้ จ.ภูเก็ต 83120', '076-304352', 'yes', '2016-06-21 11:48:23', '7.90608272245317', '98.36664140224457'),
(2, 'สุราษฎร์ธานี', '48 หมู่ 2 ถนนศรีวิชัย ตำบลมะขามเตี้ย อำเภอเมือง จังหวัดสุราษฎร์ธานี', '077-205577', 'yes', '2014-01-09 17:12:12', '9.11065637716888', '99.30181503295898'),
(3, 'หาดใหญ่', '682 ถนนเพชรเกษม ตำบลหาดใหญ่ อำเภอหาดใหญ่ จังหวัดสงขลา 90110', '074-223444', 'yes', '2014-01-09 17:13:33', '7.006341665683104', '100.4985523223877'),
(10, 'ศรีราชา', '86/12 ถ.สุขุมวิท ต.ศรีราชา อ.ศรีราชา จ.ชลบุรี 20110', '085-1889990', 'yes', '2016-06-21 11:49:15', '13.168317602040103', '100.93120604753494'),
(11, 'อยุธยา', '', '', 'yes', '2016-06-21 11:49:30', '14.343238520299131', '100.60918271541595');

-- --------------------------------------------------------

--
-- Table structure for table `branch_destination`
--

CREATE TABLE `branch_destination` (
  `branch_destination_id` int(11) NOT NULL,
  `branch_destination_name` varchar(100) COLLATE utf8_bin NOT NULL,
  `branch_id` int(11) NOT NULL,
  `lat_destination` varchar(100) COLLATE utf8_bin NOT NULL,
  `lng_destination` varchar(100) COLLATE utf8_bin NOT NULL
) ENGINE=InnoDB DEFAULT CHARSET=utf8 COLLATE=utf8_bin;

--
-- Dumping data for table `branch_destination`
--

INSERT INTO `branch_destination` (`branch_destination_id`, `branch_destination_name`, `branch_id`, `lat_destination`, `lng_destination`) VALUES
(1, 'สำนักงานภูเก็ต', 1, '7.90608272245317', '98.36664140224457'),
(2, 'สำนักงานหาดใหญ่', 3, '7.006341665683104', '100.4985523223877'),
(3, 'สำนักงานอยุธยา', 11, '14.343238520299131', '100.60918271541595'),
(4, 'สำนักงานสุราษ์', 2, '9.11065637716888', '99.30181503295898'),
(5, 'สำนักงานศรีราชา', 10, '13.168317602040103', '100.93120604753494'),
(7, 'สะพานหิน', 1, '7.861681329197523', '98.40059280395508'),
(8, 'แหลมพรหมเทพ', 1, '7.759129793877661', '98.30360412597656'),
(9, 'เซ็นทรัลเฟสติวัล หาดใหญ่', 3, '6.991603604199083', '100.48293113708496'),
(10, 'สนามบินหาดใหญ่', 3, '6.934435981451995', '100.39426803588867'),
(11, 'หอนาฬิกา', 3, '7.011623400954923', '100.47022819519043'),
(12, 'ตลาดน้ำอโยธยา', 11, '14.360690051634654', '100.5933952331543'),
(13, ' วัดพุทไธศวรรย์', 11, '14.339236637441354', '100.557861328125'),
(14, 'สวนน้ำ', 11, '14.453797275591278', '100.60592651367188'),
(15, 'มหาวิทยาลัยราชภัฏสุราษฎร์ธานี', 2, '9.078535488303402', '99.36309814453125'),
(16, 'บิ๊กซี สุราษฎร์ธานี', 2, '9.148197713142977', '99.3698787689209'),
(17, 'สนามบินสุราษ', 2, '9.13430025281776', '99.14285659790039'),
(18, 'เกาะลอย', 10, '13.173765506730218', '100.91972351074219'),
(19, 'โรบินสัน ศรีราชา', 10, '13.16841684587487', '100.93122482299805'),
(20, 'สวนสัตว์เปิดเขาเขียว', 10, '13.215213662455822', '101.05653762817383'),
(21, ' สวนเสือศรีราชา', 10, '13.148358327567177', '101.01070404052734'),
(22, ' น้ำตกชันตาเถร', 10, '13.23877580679779', '101.04194641113281'),
(23, ' Phuket Trickeye Museum', 1, '7.8832343478023645', '98.39231014251709'),
(24, 'เซ็นทรัลเฟสติวัล ภูเก็ต', 1, '7.891948760651239', '98.36819171905518'),
(25, 'พระราชวังบางปะอิน', 11, '14.23277078123727', '100.57914733886719'),
(26, 'เคียงเลซีฟู้ด', 2, '9.210390659479861', '99.47793960571289'),
(28, 'สวนน้ำไพเรทปาร์ค', 3, '7.012816042569052', '100.42516708374023');

-- --------------------------------------------------------

--
-- Table structure for table `company`
--

CREATE TABLE `company` (
  `company_id` int(11) NOT NULL,
  `company_name` varchar(255) NOT NULL,
  `company_aka` varchar(100) NOT NULL,
  `company_address` text NOT NULL,
  `company_tax_id` varchar(100) NOT NULL,
  `company_tel` varchar(100) NOT NULL,
  `company_active` enum('yes','no') NOT NULL,
  `datetime_entered` datetime NOT NULL
) ENGINE=MyISAM DEFAULT CHARSET=utf8;

--
-- Dumping data for table `company`
--

INSERT INTO `company` (`company_id`, `company_name`, `company_aka`, `company_address`, `company_tax_id`, `company_tel`, `company_active`, `datetime_entered`) VALUES
(1, 'บริษัท สิรีน พร๊อพเพอร์ตี้ แอนด์ ดีเวลลอปเม้นท์ จำกัด', 'SERENE', '99/173 หมู่ 6 ตำบลท่าทราย อำเภอเมืองสมุทรสาคร จังหวัดสมุทรสาคร 74000', '0105553041481', '076-304352', 'yes', '2014-01-09 17:09:39'),
(2, 'บริษัท พลัส เรียลเอสเตท แอนด์ ดีเวลลอปเม้นท์ จำกัด', 'PLUS', '99/173 หมู่ 6 ตำบลท่าทราย อำเภอเมืองสมุทรสาคร จังหวัดสมุทรสาคร 74000', '0105553045494', '076-304352', 'yes', '2014-01-09 17:10:08'),
(3, 'บริษัท สิรีน พร๊อพเพอร์ตี้ แมเนจเม้นท์ จำกัด', 'SPM', '81 อาคารเฮเฟเล่ ห้อง 4 หมู่ 5 ตำบลวิชิต อำเภอเมือง จังหวัดภูเก็ต 83000', '0835555011477', '076-304352', 'yes', '2014-02-13 15:29:56');

-- --------------------------------------------------------

--
-- Table structure for table `department`
--

CREATE TABLE `department` (
  `department_id` int(11) NOT NULL,
  `department_name` varchar(100) NOT NULL,
  `department_active` enum('yes','no') NOT NULL,
  `datetime_entered` datetime NOT NULL
) ENGINE=MyISAM DEFAULT CHARSET=utf8;

--
-- Dumping data for table `department`
--

INSERT INTO `department` (`department_id`, `department_name`, `department_active`, `datetime_entered`) VALUES
(1, 'Human Resources ', 'yes', '2013-12-25 08:37:29'),
(2, 'Project Manangement', 'yes', '2013-12-25 10:20:30'),
(3, 'Accounting & Finance', 'yes', '2013-12-25 10:21:00'),
(4, 'Property Management', 'yes', '2013-12-25 10:21:24'),
(5, 'Construction', 'yes', '2013-12-25 10:22:00'),
(6, 'Marketing', 'yes', '2013-12-25 10:22:18'),
(7, 'Customer Support', 'yes', '2013-12-25 10:22:48'),
(8, 'CEO & MD', 'yes', '2013-12-25 10:26:32');

-- --------------------------------------------------------

--
-- Table structure for table `position`
--

CREATE TABLE `position` (
  `position_id` int(11) NOT NULL,
  `department_id` int(11) NOT NULL,
  `position_level_id` int(11) NOT NULL,
  `position_name` varchar(100) NOT NULL,
  `position_active` enum('yes','no') NOT NULL,
  `datetime_entered` datetime NOT NULL
) ENGINE=MyISAM DEFAULT CHARSET=utf8;

--
-- Dumping data for table `position`
--

INSERT INTO `position` (`position_id`, `department_id`, `position_level_id`, `position_name`, `position_active`, `datetime_entered`) VALUES
(1, 3, 1, 'Accountant', 'yes', '2013-12-25 11:08:32'),
(2, 3, 2, 'Accounting  Manager', 'yes', '2013-12-25 10:25:22'),
(5, 6, 1, 'Asst.Marketing Manager', 'yes', '2013-12-25 10:34:48'),
(6, 2, 2, 'Asst.Project Manager', 'yes', '2015-09-04 11:26:35'),
(7, 4, 2, 'Building Manager', 'yes', '2013-12-25 10:25:32'),
(8, 8, 2, 'CEO', 'yes', '2013-12-25 10:26:43'),
(10, 5, 1, 'Construction Co-ordinator', 'yes', '2013-12-25 10:35:11'),
(11, 5, 2, 'Construction Director', 'yes', '2013-12-25 10:26:58'),
(13, 7, 1, 'Customer Support', 'yes', '2013-12-25 10:35:17'),
(14, 2, 1, 'Executive Trainee', 'yes', '2013-12-25 10:35:27'),
(15, 3, 2, 'Accounting & Finance Director', 'yes', '2015-07-27 15:17:24'),
(16, 3, 1, 'Financial Support', 'yes', '2013-12-25 10:35:45'),
(17, 1, 1, 'Housekeeper', 'yes', '2013-12-25 16:58:10'),
(18, 1, 2, 'Human Resources Manager', 'yes', '2013-12-25 10:32:59'),
(19, 1, 2, 'Human Resources Officer', 'yes', '2015-03-05 15:06:27'),
(20, 1, 1, 'IT Support', 'yes', '2013-12-25 10:38:04'),
(21, 6, 2, 'Marketing Manager', 'yes', '2013-12-25 10:27:28'),
(22, 6, 1, 'Marketing Officer', 'yes', '2013-12-25 10:38:32'),
(23, 8, 2, 'MD', 'yes', '2013-12-25 10:27:35'),
(24, 5, 1, 'Project  Engineer', 'yes', '2013-12-25 10:38:55'),
(26, 7, 2, 'Customer Support Manager', 'yes', '2013-12-25 10:28:29'),
(27, 3, 1, 'Purchasing Officer', 'yes', '2013-12-25 10:40:03'),
(28, 1, 1, 'Receptionist', 'yes', '2013-12-25 10:40:12'),
(29, 2, 2, 'Sales Director', 'yes', '2016-06-04 13:18:46'),
(31, 4, 1, 'Sales Executive Property Management', 'yes', '2013-12-25 10:56:01'),
(32, 5, 2, 'Acting Construction Director', 'yes', '2014-10-22 09:38:33'),
(33, 4, 1, 'Technician', 'yes', '2013-12-25 10:56:34'),
(34, 4, 1, 'Property Management Manager', 'yes', '2013-12-25 10:28:53'),
(62, 5, 1, 'Consultant', 'yes', '2014-04-24 16:29:20'),
(56, 2, 1, 'Housekeeper', 'yes', '2014-03-07 17:34:19'),
(37, 5, 2, 'Construction Manager', 'yes', '2014-01-09 17:45:07'),
(55, 5, 1, 'Foreman', 'yes', '2014-02-24 15:55:31'),
(39, 2, 1, 'Admin Officer', 'yes', '2013-12-25 17:15:34'),
(40, 2, 1, 'Sales Executive', 'yes', '2013-12-25 17:15:52'),
(63, 3, 2, 'Financial Manager', 'yes', '2014-04-24 16:29:35'),
(54, 5, 1, 'Construction Admin Officer', 'yes', '2014-02-24 15:55:11'),
(53, 4, 1, 'Admin Officer', 'yes', '2013-12-26 11:38:49'),
(44, 2, 2, 'Project Manager', 'yes', '2013-12-25 17:17:26'),
(61, 4, 1, 'Acting Building Manager', 'yes', '2014-04-24 16:25:29'),
(59, 3, 2, 'Acting Chief Accountant', 'yes', '2014-03-13 15:16:28'),
(60, 2, 1, 'Acting Asst.Project Manager', 'yes', '2014-04-24 16:25:05'),
(58, 7, 2, 'Asst.Customer Support Manager', 'yes', '2014-03-24 08:36:45'),
(57, 5, 1, 'Store Officer', 'yes', '2014-03-12 11:18:14'),
(51, 3, 2, 'Asst.Financial Manager', 'yes', '2015-07-27 14:48:09'),
(64, 5, 1, 'Facility Management Officer', 'yes', '2014-10-22 09:29:57'),
(65, 4, 1, 'Facility  Management', 'yes', '2014-07-02 07:53:53'),
(66, 5, 1, 'Asst.Facility Management Manager', 'yes', '2014-10-22 09:30:16'),
(67, 1, 2, 'Asst.IT Manager', 'yes', '2015-04-09 10:14:35'),
(68, 3, 1, 'Account Payable', 'yes', '2014-10-22 09:39:58'),
(69, 3, 1, 'Account Receivable', 'yes', '2014-10-22 09:40:25'),
(70, 5, 1, 'Office Engineer', 'yes', '2015-01-27 11:02:27'),
(71, 2, 2, 'Acting Sales Director-Southern', 'yes', '2015-07-27 14:53:30'),
(72, 2, 2, 'Acting Sales Director-Eastern', 'yes', '2015-07-27 14:53:52'),
(73, 2, 2, 'Acting Project Manager', 'yes', '2016-07-12 16:31:08'),
(74, 6, 1, 'Graphic Designer', 'yes', '2017-03-01 10:33:12');

-- --------------------------------------------------------

--
-- Table structure for table `position_level`
--

CREATE TABLE `position_level` (
  `position_level_id` int(11) NOT NULL,
  `position_level_name` varchar(100) NOT NULL,
  `datetime_entered` datetime NOT NULL
) ENGINE=MyISAM DEFAULT CHARSET=utf8;

--
-- Dumping data for table `position_level`
--

INSERT INTO `position_level` (`position_level_id`, `position_level_name`, `datetime_entered`) VALUES
(1, 'ปฏิบัติการ', '2013-12-25 08:45:16'),
(2, 'ผู้จัดการ', '2013-12-25 08:45:27');

-- --------------------------------------------------------

--
-- Table structure for table `project`
--

CREATE TABLE `project` (
  `id` int(11) NOT NULL,
  `name` varchar(100) NOT NULL
) ENGINE=MyISAM DEFAULT CHARSET=utf8;

--
-- Dumping data for table `project`
--

INSERT INTO `project` (`id`, `name`) VALUES
(1, 'พลัสคอนโด โครงการ 1 (ภูเก็ต)'),
(2, 'พลัสคอนโด โครงการ 2 (ภูเก็ต)'),
(3, 'พลัสคอนโด โครงการ 3 (หาดใหญ่)'),
(4, 'พลัสคอนโด โครงการ 4 (หาดใหญ่ 2)'),
(5, 'พลัสคอนโด โครงการ 5 (จ.สุราษฎร์ธานี)'),
(6, 'พลัสทาวน์โฮม ถนนขวาง (ภูเก็ต)'),
(7, 'พลัสทาวน์โฮม เพชรเกษม10 (หาดใหญ่)');

-- --------------------------------------------------------

--
-- Table structure for table `user`
--

CREATE TABLE `user` (
  `user_id` int(11) NOT NULL,
  `user_code` varchar(100) NOT NULL,
  `username` varchar(100) NOT NULL,
  `password` varchar(100) NOT NULL,
  `email` varchar(100) NOT NULL,
  `title` varchar(100) NOT NULL,
  `name` varchar(100) NOT NULL,
  `sname` varchar(100) NOT NULL,
  `dob` date NOT NULL,
  `citizen_id` varchar(100) NOT NULL,
  `address` text NOT NULL,
  `company_id` int(11) NOT NULL,
  `branch_id` int(11) NOT NULL,
  `position_id` int(11) NOT NULL,
  `welfare_id` int(11) NOT NULL,
  `user_level` enum('admin','manager','user','admin_branch') NOT NULL,
  `dayoff_id` int(11) NOT NULL,
  `resume_id` int(11) NOT NULL,
  `picture` varchar(100) NOT NULL,
  `user_status` enum('test','approve','retire') NOT NULL,
  `leave_apporve_id` varchar(100) NOT NULL,
  `date_start` date NOT NULL,
  `date_apporve` date NOT NULL,
  `date_retire` date NOT NULL,
  `datetime_entered` datetime NOT NULL
) ENGINE=MyISAM DEFAULT CHARSET=utf8;

--
-- Dumping data for table `user`
--

INSERT INTO `user` (`user_id`, `user_code`, `username`, `password`, `email`, `title`, `name`, `sname`, `dob`, `citizen_id`, `address`, `company_id`, `branch_id`, `position_id`, `welfare_id`, `user_level`, `dayoff_id`, `resume_id`, `picture`, `user_status`, `leave_apporve_id`, `date_start`, `date_apporve`, `date_retire`, `datetime_entered`) VALUES
(1, '0001', 'nimit', '*00A51F3F48415C7D4E8908980D443C29C69B60C9', 'nimit@sereneproperty.com', 'นาย', 'นิมิต', 'โมนฤมิตร', '1968-12-07', '3 1020 00811 64 1', '9/147 ถ.ปัญญารามอินทรา แขวงคันนายาว เขตคันนายาว กทม', 1, 1, 8, 0, 'manager', 1, 0, '', 'approve', '', '2010-03-25', '1994-01-01', '2015-12-25', '2013-12-25 09:00:33'),
(2, '0002', 'wuttiphan', '*E406E20CC751C5B19E0BE122F37AC9B1B6CDDF02', 'wuttiphan@sereneproperty.com', 'นาย', 'วุธิพรรษ์', 'กังสนันท์', '1963-04-20', '3 1014 01321 13 9', '353 ถ.สามัคคี ต.ท่าทราย อ.เมืองนนทบุรี จ.นนทบุรี', 1, 1, 23, 0, 'manager', 2, 0, '', 'approve', '', '2010-03-25', '1994-01-01', '2015-12-25', '2013-12-25 09:00:33'),
(3, '0003', 'manaschok', '*00A51F3F48415C7D4E8908980D443C29C69B60C9', 'manaschok@sereneproperty.com', 'นาย', 'มนัสโชค', 'อุปถัมภ์หัตถสาร', '1980-01-04', '3 1020 02262 28 8', '88/36 ซ.อ่อนนุช21/1 แขวงสวนหลวง เขตสวนหลวง กทม.', 2, 1, 34, 0, 'manager', 1, 0, '', 'retire', '', '2010-04-19', '2010-08-16', '2015-12-25', '2013-12-25 09:00:33'),
(4, '0004', 'watcharee', '*F95986A4329E7A3D26A4FEB65D76D89B09D3450A', 'watcharee@sereneproperty.com', 'นางสาว', 'วัชรี', 'ทองพิมล', '1983-05-14', '3 9202 00039 44 6', '101 ม.2  ต.บ่อน้ำร้อน  อ.กันตัง จ.ตรัง', 1, 1, 2, 0, 'admin', 4, 0, '', 'approve', '[56]', '2011-11-07', '2012-03-05', '2017-12-25', '2013-12-25 09:00:33'),
(5, '0005', 'narudom', '*00A51F3F48415C7D4E8908980D443C29C69B60C9', 'narudom@sereneproperty.com', 'นาย', 'นฤดม', 'รุ่งโรจน์สาธรกิจ', '1988-04-23', '1 8399 00136 58 7', '4/121 ม.3  ต.รัษฎา  อ.เมือง จ.ภูเก็ต  83000', 2, 1, 1, 0, 'user', 1, 0, '', 'retire', '[56]', '2011-12-27', '2012-04-24', '2015-12-25', '2013-12-25 09:00:33'),
(6, '0006', 'panya', '*3777F12C48262C02EB411164AB1F31BE8C97DEC4', 'panya@sereneproperty.com', 'นาย', 'ปัญญา', 'บุญสุข', '1976-02-17', '3 1403 00014 05 1', '40 หมู่ที่ 5 ต.พระนอน อ.นครหลวง จ.พระนครศรีอยุธยา', 1, 10, 72, 0, 'manager', 6, 0, '', 'retire', '[1],[2]', '2012-03-01', '2012-06-28', '2017-04-30', '2013-12-25 09:00:33'),
(7, '0007', 'jamjuree', '*C8788F54F49BB4182A0CBA0F710E9B428DAC63AD', 'jamjuree@sereneproperty.com', 'นางสาว', 'ปิยวรรณ์', 'บัวบาล', '1981-07-01', '3 9010 00357 83 6', '6/2 หมู่ที่ 1 ต.ท่าโพธิ์ อ.สะเดา จ.สงขลา', 1, 3, 6, 0, 'manager', 7, 0, '', 'approve', '[16]', '2012-03-02', '2012-06-29', '2017-12-25', '2013-12-25 09:00:33'),
(8, '0008', 'kittima', '*00A51F3F48415C7D4E8908980D443C29C69B60C9', 'kittima@sereneproperty.com', 'นางสาว', 'กิตติมา', 'เพิ่มพูน', '1933-01-01', '1 8008 00009 07 1', '', 1, 3, 1, 0, 'user', 1, 0, '', 'retire', '', '2012-03-12', '2012-07-09', '2014-05-31', '2013-12-25 09:00:33'),
(9, '0009', 'piengpathoo', '*00A51F3F48415C7D4E8908980D443C29C69B60C9', 'piengpathoo@sereneproperty.com', 'นาง', 'เพียงพธู', 'กอมณี', '1933-01-01', '3 3407 00772 07 5', '', 1, 3, 1, 0, 'user', 1, 0, '', 'retire', '', '2012-04-09', '2012-08-06', '2014-06-20', '2013-12-25 09:00:33'),
(10, '0010', 'nonglak', '*00A51F3F48415C7D4E8908980D443C29C69B60C9', 'nonglak@sereneproperty.com', 'นางสาว', 'นงลักษณ์', 'การประกอบ', '1933-01-01', '1 8207 00031 88 1', '', 1, 3, 5, 0, 'user', 1, 0, '', 'retire', '', '2012-05-01', '2012-08-28', '2014-05-31', '2013-12-25 09:00:33'),
(11, '0011', 'nutthanich', '*00A51F3F48415C7D4E8908980D443C29C69B60C9', 'nutthanich@sereneproperty.com', 'นางสาว', 'ณัฐนิช', 'ขุนดำ', '1933-01-01', '1 9098 00114 70 0', '', 1, 3, 39, 0, 'user', 1, 0, '', 'retire', '6', '2012-05-02', '2012-08-29', '2014-05-31', '2013-12-25 09:00:33'),
(12, '0012', 'pawatree', '*00A51F3F48415C7D4E8908980D443C29C69B60C9', 'pawatree@sereneproperty.com', 'นางสาว', 'ปาวะตรี', 'สำรวมจิตร์', '1985-11-12', '1 4099 00202 18 4', '223 ม.1 ต.เหล่าปอแดง อ.เมืองสกลนคร จ.สกลนคร', 1, 3, 40, 0, 'user', 18, 0, '', 'retire', '[16]', '2012-05-15', '2012-09-11', '2015-12-25', '2013-12-25 09:00:33'),
(13, '0013', 'piyaon', '*B8080FE59547E28B2DFD34E883DF40EFAD8A8C8C', 'piyaon@sereneproperty.com', 'นางสาว', 'ปิยาอร', 'แก้วบุญเพิ่ม', '1977-05-24', '3 7105 00117 41 0', '48 ม.5  ต.ดอนชะเอม  อ.ท่ามะกา จ.กาญจนบุรี', 2, 1, 1, 0, 'user', 1, 0, '', 'retire', '[56]', '2012-05-21', '2012-09-17', '2015-01-31', '2013-12-25 09:00:33'),
(14, '0014', 'navapong', '*00A51F3F48415C7D4E8908980D443C29C69B60C9', 'it@sereneproperty.com', 'นาย', 'นวพงศ์', 'ธราพร', '1982-06-07', '3 800400008 63 4', '', 1, 1, 18, 0, 'admin', 1, 0, '', 'retire', '[1],[2]', '2012-05-22', '2013-09-18', '2015-12-25', '2013-12-25 09:00:33'),
(15, '0015', 'alongkot', '*00A51F3F48415C7D4E8908980D443C29C69B60C9', 'alongkot@sereneproperty.com', 'นาย', 'อลงกต', 'นิรันตรายกุล', '1982-10-04', '3 8303 00038 55 8', '213/68  ม.8 ต.ศรีสุนทร  อ.ถลาง จ.ภูเก็ต', 2, 1, 37, 0, 'manager', 1, 0, '', 'retire', '[24]', '2012-06-01', '2012-09-28', '2015-01-31', '2013-12-25 09:00:33'),
(16, '0016', 'anurat', '*00A51F3F48415C7D4E8908980D443C29C69B60C9', 'anurat@sereneproperty.com', 'นาย', 'อนุรัตน์', 'ภักตร์ดวงจันทร์', '1980-10-21', '5 1009 99028 03 1', '917 ซ.วชิรธรรมสาธิต57 แขวงบางจาก เขตพระโขนง กทม.', 1, 1, 29, 0, 'manager', 16, 0, '', 'approve', '[1],[2]', '2012-06-15', '2012-10-12', '2017-12-25', '2013-12-25 09:00:33'),
(17, '0017', 'kollayuth', '*00A51F3F48415C7D4E8908980D443C29C69B60C9', 'kollayuth@sereneproperty.com', 'นาย', 'กลยุทธิ์', 'สออนรัมย์', '1933-01-01', '1 3110 00107 09 0', '', 1, 1, 40, 0, 'user', 1, 0, '', 'retire', '3', '2012-06-21', '2012-10-18', '2014-05-11', '2013-12-25 09:00:33'),
(18, '0018', 'sarunya', '*00A51F3F48415C7D4E8908980D443C29C69B60C9', 'sarunya@sereneproperty.com', 'นางสาว', 'สรัญญา', 'ทรงคำ', '1988-01-19', '1 5099 00572 60 6', '94 ม.2 ต.แม่แฝก  อ.สันทราย  จ.เชียงใหม่', 2, 1, 28, 0, 'admin', 1, 0, '', 'retire', '[55],[56]', '2012-06-22', '2012-10-19', '2015-01-31', '2013-12-25 09:00:33'),
(19, '0019', 'kesaree', '*0016FDD65330464765DFD10A39C34FE6C8F3E0FD', 'kesaree@sereneproperty.com', 'นางสาว', 'เกสรี', 'แซ่หนา', '1986-05-10', '1 8399 00094 08 6', '61/1  ม.2 ถ.เจ้าฟ้า  ต.วิชิต  อ.เมือง  จ.ภูเก็ต', 1, 1, 27, 0, 'user', 19, 0, '', 'approve', '[56],[873]', '2012-06-25', '2012-10-22', '2016-12-25', '2013-12-25 09:00:33'),
(20, '0020', 'julamas', '*354E408A75992980DA2EC533567AF75F5D0DC044', 'julamas@sereneproperty.com', 'นางสาว', 'จุฬามาศ', 'ทองมีสุข', '1987-03-14', '1 8399 00112 52 1', '21/121 ม.9  ถ.ศักดิเดช  ต.วิชิต  อ.เมือง  จ.ภูเก็ต', 1, 1, 19, 0, 'admin', 20, 0, '', 'approve', '[91]', '2012-06-25', '2012-10-25', '2016-12-25', '2013-12-25 09:00:33'),
(21, '0021', 'jeerasak', '*00A51F3F48415C7D4E8908980D443C29C69B60C9', 'jeerasak@sereneproperty.com', 'นาย', 'จีรศักดิ์', 'อิ่มประยูร', '1983-12-13', '3 7501 00443 00 0', '365/1 ถ.ระนอง  ต.ตลาดเหนือ อ.เมือง จ.ภูเก็ต', 1, 1, 13, 0, 'user', 21, 0, '', 'retire', '[16],[90]', '2012-07-02', '2013-10-29', '0000-00-00', '2013-12-25 09:00:33'),
(22, '0022', 'thanapon', '*00A51F3F48415C7D4E8908980D443C29C69B60C9', 'thanapon@sereneproperty.com', 'นาง', 'ธนพร', 'อึงอำนวยพร', '1933-01-01', '3 8399 00100 27 9', '', 1, 1, 15, 0, 'manager', 1, 0, '', 'retire', '', '2012-09-03', '2012-12-31', '2014-09-03', '2013-12-25 09:00:33'),
(23, '0023', 'chinanta', '*86C1C725AE0EDECE53BF33E4D3E6ED869A7B718A', 'chinanta@sereneproperty.com', 'นางสาว', 'ชินันตา', 'มิโซโน', '1985-08-13', '5 1036 00003 69 1', '48/151 ม.6 ถ.นาวงประชาพัฒนา แขวงทุ่งสีกัน เขตดอนเมือง กทม. 10210.', 3, 1, 7, 0, 'user', 29, 0, '', 'retire', '[16]', '2012-09-03', '2012-12-31', '2015-05-31', '2013-12-25 09:00:33'),
(24, '0024', 'tawatchai', '*00A51F3F48415C7D4E8908980D443C29C69B60C9', 'tawatchai@sereneproperty.com', 'นาย', 'ธวัชชัย', 'ตรียานุวัฒน์', '1981-03-03', '3 9599 00134 82 2', ' 44 ถ.พังงา  ต.สะเตง อ.เมืองยะลา  จ.ยะลา', 1, 3, 11, 0, 'manager', 1, 0, '', 'retire', '[1],[2]', '2012-09-07', '2013-01-04', '2015-12-25', '2013-12-25 09:00:33'),
(25, '0025', 'narongsak', '*00A51F3F48415C7D4E8908980D443C29C69B60C9', 'narongsak@sereneproperty.com', 'นาย', 'ณรงค์ศักดิ์', 'เฟื่องธุระ', '1933-01-01', '1 9299 00107 54 3', '', 1, 1, 10, 0, 'user', 1, 0, '', 'retire', '', '2012-11-01', '2013-02-28', '2014-06-30', '2013-12-25 09:00:33'),
(26, '0026', 'suchart', '*00A51F3F48415C7D4E8908980D443C29C69B60C9', 'suchart@sereneproperty.com', 'นาย', 'สุชาติ', 'แม้นประดิษฐ์', '1933-01-01', '3 1007 00543 13 2', '', 3, 1, 33, 0, 'user', 1, 0, '', 'retire', '', '2012-11-01', '2013-02-28', '2014-05-08', '2013-12-25 09:00:33'),
(27, '0027', 'sathavorn', '*00A51F3F48415C7D4E8908980D443C29C69B60C9', 'sathavorn@sereneproperty.com', 'นาย', 'สถาวร', 'ทองละมุล', '1981-03-18', '3 8016 00237 76 0', '14/28 แขวงบางค้อ เขตจอมทอง กทม ', 3, 1, 33, 0, 'user', 31, 0, '', 'retire', '[16]', '2012-11-01', '2013-02-28', '2015-05-31', '2013-12-25 09:00:33'),
(28, '0028', 'malina', '*9A0A6C203A8A133FD1C2AC59AB89D59283B2A088', 'malina@sereneproperty.com', 'นางสาว', 'ณณัท', 'เตะเจริญ', '1985-07-23', '1 9099 00066 09 0', '125  ม.10  ต.เกาะแก้ว  อ.เมือง  จ.สงขลา', 1, 3, 40, 0, 'user', 19, 0, '', 'retire', '[16]', '2012-11-13', '2013-03-12', '2016-01-31', '2013-12-25 09:00:33'),
(29, '0029', 'linda', '*00A51F3F48415C7D4E8908980D443C29C69B60C9', 'linda@sereneproperty.com', 'นางสาว', 'ลินดา', 'แฮร์', '1972-06-27', '3 8205 00098 35 0', '18  ถ.เยาวราช  ต.ตลาดใหญ่  อ.เมือง  จ.ภูเก็ต', 1, 1, 17, 0, 'user', 29, 0, '', 'approve', '[91]', '2012-12-01', '2013-03-30', '2015-12-25', '2013-12-25 09:00:33'),
(30, '0030', 'watcharapong', '*00A51F3F48415C7D4E8908980D443C29C69B60C9', 'watcharapong@sereneproperty.com', 'นาย', 'วัชรพงษ์', 'กิจเจริญวัชระ', '1933-01-01', '1 9098 00132 34 1', '', 1, 2, 40, 0, 'user', 1, 0, '', 'retire', '', '2012-12-01', '2013-03-30', '2014-06-30', '2013-12-25 09:00:33'),
(31, '0031', 'chayanuch', '*00A51F3F48415C7D4E8908980D443C29C69B60C9', 'chayanuch@sereneproperty.com', 'นางสาว', 'ชญานุช', 'แก้วประดิษฐ์', '1987-07-05', '1 8399 00119 19 4', '128 ถ.ปฎิพัทธิ์  ต.ตลาดเหนือ  อ.เมือง  จ.ภูเก็ต', 1, 1, 69, 0, 'user', 31, 0, '', 'approve', '[4],[56]', '2013-01-07', '2013-05-06', '2016-12-25', '2013-12-25 09:00:33'),
(32, '0032', 'kamolwan', '*00A51F3F48415C7D4E8908980D443C29C69B60C9', 'kamolwan@sereneproperty.com', 'นางสาว', 'กมลวรรณ', 'จันทวงศ์', '1933-01-01', '', '', 1, 3, 22, 0, 'user', 1, 0, '', 'retire', '', '2013-01-08', '2013-05-07', '2014-05-31', '2013-12-25 09:00:33'),
(33, '0033', 'suchada', '*00A51F3F48415C7D4E8908980D443C29C69B60C9', 'suchada@sereneproperty.com', 'นางสาว', 'ชลธิชา', 'เจริญกิจ', '1987-12-13', '1 8401 00197 94 0', '95/9 ม.5 ต.วัดประดู่ อ.เมือง จ.สุราษฎร์ธานี', 1, 2, 39, 0, 'admin_branch', 33, 0, '', 'retire', '[16],[35]', '2013-01-08', '2013-05-07', '2018-12-25', '2013-12-25 09:00:33'),
(34, '0034', 'tanicha', '*00A51F3F48415C7D4E8908980D443C29C69B60C9', 'tanicha@sereneproperty.com', 'นางสาว', 'ธนิชา', 'พุ่มด้วง', '1978-12-31', '1 5299 00273 04 8', '14/1 ม.2 ต.มะตูม อ.พรหมพิราม จ.พิษณุโลก', 3, 1, 7, 0, 'user', 25, 0, '', 'retire', '[16]', '2013-01-28', '2013-05-27', '2015-02-15', '2013-12-25 09:00:33'),
(35, '0035', 'monrudee', '*00A51F3F48415C7D4E8908980D443C29C69B60C9', 'monrudee@sereneproperty.com', 'นางสาว', 'มนฤดี', 'นวลมูสิก', '1985-04-12', '1 8409 00002 89 2', '36 ม.1 ต.พะแสง อ.บ้านตาขุน จ.สุราษฎร์ธานี', 1, 2, 6, 0, 'manager', 35, 0, '', 'retire', '[16]', '2013-02-01', '2013-05-31', '2018-12-25', '2013-12-25 09:00:33'),
(36, '0036', 'woramon', '*13616ACCD3EF7506BF96E321DA7EE82042710236', 'woramon@sereneproperty.com', 'นางสาว', 'วรมน', 'ทวนธง', '1989-06-12', '1 1007 01007 04 1', '104  ม.5 ต.ท่าขึ้น  อ.ท่าศาลา  จ.นครศรีธรรมราช', 1, 11, 40, 0, 'user', 36, 0, '', 'approve', '[16],[90]', '2013-02-15', '2013-06-14', '2018-12-25', '2013-12-25 09:00:33'),
(37, '0037', 'jarunee', '*00A51F3F48415C7D4E8908980D443C29C69B60C9', 'jarunee@sereneproperty.com', 'นางสาว', 'จารุณี', 'ขุนเพชรแก้ว', '1933-01-01', '', '', 1, 1, 27, 0, 'user', 1, 0, '', 'retire', '', '2013-02-18', '2013-06-17', '2014-06-30', '2013-12-25 09:00:33'),
(38, '0038', 'thipakorn', '*00A51F3F48415C7D4E8908980D443C29C69B60C9', 'thipakorn@sereneproperty.com', 'นางสาว', 'ทิพากร', 'อรุณ', '1972-02-06', '3 8199 00116 13 2', '9  ถ.พัฒนาการคูขวาง  ต.ในเมือง อ.เมือง  จ.นครศรีธรรมราช', 2, 1, 58, 0, 'user', 1, 0, '', 'retire', '[16],[90]', '2013-02-26', '2013-06-25', '2015-04-02', '2013-12-25 09:00:33'),
(39, '0039', 'chiraphon', '*3D0132CD7BE591A0127DB775ED1F4EA8BB534391', 'chiraphon@sereneproperty.com', 'นางสาว', 'จิราภรณ์', 'คงแก้ว', '1990-11-27', '1 8406 00060 80 3', '125/1 หมู่ที่ 6  ต.ปากหมาก  อ.ไชยา จ.สุราษฎร์ธานี', 1, 3, 40, 0, 'user', 39, 0, '', 'approve', '[7],[16]', '2013-03-01', '2013-06-28', '2018-12-25', '2013-12-25 09:00:33'),
(40, '0040', 'tidarat', '*00A51F3F48415C7D4E8908980D443C29C69B60C9', 'tidarat@sereneproperty.com', 'นางสาว', 'ธิดารัตน์', 'ฝูงดี', '1982-09-18', '3 8205 00220 19 8', '135/1  หมู่ที่ 1  ต.ป่าคลอก  อ.ถลาง  จ.ภูเก็ต', 1, 10, 40, 0, 'user', 40, 0, '', 'retire', '[6]', '2013-03-01', '2013-06-28', '2017-12-31', '2013-12-25 09:00:33'),
(41, '0041', 'jatupol', '*00A51F3F48415C7D4E8908980D443C29C69B60C9', 'jatupol@sereneproperty.com', 'นาย', 'จตุพล', 'แซ่พู่', '1978-10-07', '3 4305 01088 56 4', '44/41  หมู่ที่ 2  ต.รัษฎา  อ.เมืองภูเก็ต  จ.ภูเก็ต', 1, 1, 64, 0, 'user', 41, 0, '', 'approve', '[82]', '2013-03-01', '2013-06-28', '2015-12-25', '2013-12-25 09:00:33'),
(42, '0042', 'chonticha', '*00A51F3F48415C7D4E8908980D443C29C69B60C9', 'chonticha@sereneproperty.com', 'นางสาว', 'ชลทิชา', 'เอ่งฉ้วน', '1933-01-01', '', '', 3, 1, 7, 0, 'user', 1, 0, '', 'retire', '', '2013-03-11', '2013-07-08', '2014-07-31', '2013-12-25 09:00:33'),
(43, '0043', 'sukanya', '*00A51F3F48415C7D4E8908980D443C29C69B60C9', 'sukanya@sereneproperty.com', 'นางสาว', 'สุกัญญา', 'ด้อหล้า', '1987-04-13', '1 8008 00104 00 6', '218 ม.15 ต.ท่าศาลา อ.ท่าศาลา  จ.นครศรีธรรมราช', 3, 1, 61, 0, 'manager', 26, 0, '', 'retire', '[16]', '2013-03-11', '2013-07-08', '2015-05-31', '2013-12-25 09:00:33'),
(44, '0044', 'peeranut', '*00A51F3F48415C7D4E8908980D443C29C69B60C9', 'peeranut@sereneproperty.com', 'นาย', 'พีรณัฐ', 'ลี้วงศ์ตระกูล', '1933-01-01', '', '', 1, 3, 40, 0, 'user', 1, 0, '', 'retire', '', '2013-03-11', '2013-07-08', '2014-06-30', '2013-12-25 09:00:33'),
(45, '0045', 'tatcharapa', '*63DA7E7D644F730210BBEA27A0B617E7C2FE1B40', 'tatcharapa@sereneproperty.com', 'นางสาว', 'ธัชราภา', 'ถาวรเจริญ', '1989-11-07', '1 9098 00400 26 5', '193  ถ.โชคสมาน 5  ต.ตลาดใหญ่  อ.หาดใหญ่  จ.สงขลา', 1, 2, 40, 0, 'user', 11, 0, '', 'retire', '[16]', '2013-03-19', '2013-07-16', '2015-12-25', '2013-12-25 09:00:33'),
(46, '0046', 'pawarisa', '*00A51F3F48415C7D4E8908980D443C29C69B60C9', 'pawarisa@sereneproperty.com', 'นางสาว', 'ปวริศา', 'เพชรรัตน์', '1982-05-27', '3 8301 00279 81 1', '49/36 ม.3 ต.รัษฎา อ.เมือง จ.ภูเก็ต', 1, 11, 40, 0, 'user', 46, 0, '', 'approve', '[16],[90]', '2013-03-22', '2013-07-19', '2018-05-31', '2013-12-25 09:00:33'),
(47, '0047', 'anuphong', '*CC67043C7BCFF5EEA5566BD9B1F3C74FD9A5CF5D', 'anuphong@sereneproperty.com', 'นาย', 'อนุพงศ์', 'ว่องไวประเสริฐ', '1987-09-04', '1 8399 00122 91 8', '38/1  ต.กะทู้  อ.กะทู้  จ.ภูเก็ต', 1, 1, 13, 0, 'user', 47, 0, '', 'retire', '[16],[90]', '2013-10-01', '2013-01-28', '2017-01-16', '2013-12-25 09:00:33'),
(48, '0048', 'aphichat', '*00A51F3F48415C7D4E8908980D443C29C69B60C9', 'aphichat@sereneproperty.com', 'นาย', 'อภิชาต', 'หมื่นแก้ว', '1933-01-01', '3 9011  00400 87 3', '', 3, 1, 33, 0, 'user', 1, 0, '', 'retire', '', '2013-04-02', '2013-07-30', '2014-05-29', '2013-12-25 09:00:33'),
(49, '0049', 'netnapa', '*00A51F3F48415C7D4E8908980D443C29C69B60C9', 'netnapa@sereneproperty.com', 'นางสาว', 'เนตรนภา', 'เหมทานนท์', '1975-05-09', '5 8205 00017 13 5', '13/2  ต.ในเมือง  อ.เมืองนครศรีธรรมราช  จ.นครศรีธรรมราช', 1, 1, 51, 0, 'manager', 49, 0, '', 'approve', '[56],[873]', '2013-04-08', '2013-08-05', '2018-12-25', '2013-12-25 09:00:33'),
(50, '0050', 'sukanya_w', '*00A51F3F48415C7D4E8908980D443C29C69B60C9', 'sukanya_w@sereneproperty.com', 'นางสาว', 'สุกัญญา', 'แวววรรณจิตร', '1987-09-09', '1 9098 00234 51 9', '79  ถ.เทศาพัฒนา  ซอย 7  ต.หาดใหญ่  อ.หาดใหญ่  จ.สงขลา', 1, 3, 16, 0, 'user', 50, 0, '', 'approve', '[16],[56],[61],[873]', '2013-04-18', '2013-08-15', '2016-12-25', '2013-12-25 09:00:33'),
(51, '0051', 'supachai', '*00A51F3F48415C7D4E8908980D443C29C69B60C9', 'supachai@sereneproperty.com', 'นาย', 'ศุภชัย', 'ศรีหาบัว', '1985-09-03', '1 4405 90000 70 0', '189 ม.10  ต.นาทอง อ.เชียงยืน จ.มหาสารคาม', 3, 1, 33, 0, 'user', 33, 0, '', 'retire', '[16]', '2013-04-22', '2013-08-19', '2015-05-31', '2013-12-25 09:00:33'),
(52, '0052', 'yotchai', '*00A51F3F48415C7D4E8908980D443C29C69B60C9', 'yotchai@sereneproperty.com', 'นาย', 'ยอดชาย', 'วรรณรัตน์', '1981-08-21', '3 3506 00313 01 0', '5  ม.7  ต.ผือฮี อ.มหาชนะชัย จ.ยโสธร', 3, 1, 33, 0, 'user', 32, 0, '', 'retire', '[16]', '2013-04-22', '2013-08-19', '2015-05-31', '2013-12-25 09:00:33'),
(53, '0053', 'napaskanok', '*00A51F3F48415C7D4E8908980D443C29C69B60C9', 'napaskanok@sereneproperty.com', 'นาง', 'นภัสกนก', 'บุริภักดิ์', '1933-01-01', '', '', 1, 1, 6, 0, 'user', 1, 0, '', 'retire', '', '2013-05-02', '2013-08-29', '2014-05-30', '2013-12-25 09:00:33'),
(54, '0054', 'thanasin', '*3B57E49404783D4559DAF5066DA4CC6BBFC64C8D', 'thanasin@sereneproperty.com', 'นาย', 'ธนสิน', 'ลิขิตประกิตกุล', '1989-02-24', '1 1008 00505 76 7', '64  ถ.ไทยอาคาร  ต.หาดใหญ่  อ.หาดใหญ่  จ.สงขลา', 1, 10, 44, 0, 'admin_branch', 54, 0, '', 'approve', '[16]', '2013-05-02', '2013-08-29', '2018-12-25', '2013-12-25 09:00:33'),
(55, '0055', 'wirot', '*00A51F3F48415C7D4E8908980D443C29C69B60C9', 'wirot@sereneproperty.com', 'นาย', 'วิโรจน์', 'รุจิศาสตร์', '1973-03-17', '3 1002 00948 70 2', '98/17 หมู่ที่ 5  ต.แพรกษาใหม่  อ.เมืองสมุทรปราการ  จ.สมุทรปราการ', 1, 1, 29, 0, 'admin', 1, 0, '', 'retire', '[1],[2]', '2013-05-20', '2013-09-16', '2015-01-31', '2013-12-25 09:00:33'),
(56, '0056', 'thanakit', '*3793485C0C90DD9ECA78EE1C3BC76F9CD245A3AE', 'thanakit@sereneproperty.com', 'นาย', 'ธนกฤต', 'ตันติอนุกูลชัย', '1984-01-02', '1 8498 00001 13 2', '13/9 หมู่ที่ 1  ต.เกาะแก้ว  อ.เมืองภูเก็ต  จ.ภูเก็ต', 1, 1, 15, 0, 'manager', 56, 0, '', 'approve', '[1],[2]', '2013-06-03', '2013-09-30', '2015-12-25', '2013-12-25 09:00:33'),
(57, '0057', 'arunrung', '*96538C9F52068DF2943D3FAA5E184462CAAC9DA5', 'arunrung@sereneproperty.com', 'นางสาว', 'อรุณรุ่ง', 'แซ่เตี้ยว', '1983-11-10', '5 9009 00018 05 7', '60  ถ.สุทธิสมิทธิ์  ต.หาดใหญ่  อ.หาดใหญ่  จ.สงขลา', 1, 3, 13, 0, 'user', 57, 0, '', 'retire', '[16],[90]', '2013-05-27', '2013-09-23', '2017-11-13', '2013-12-25 09:00:33'),
(58, '0058', 'Mao', '*00A51F3F48415C7D4E8908980D443C29C69B60C9', 'Mao@sereneproperty.com', 'นางสาว', 'เม้า', 'บัวเมือง', '1959-01-19', '5 9599 00046 45 8', '11  ซ.มิตรสัมพันธ์  ถ.ผังเมือง  ต.สะเตง  อ.เมืองยะลา  จ.ยะลา', 1, 3, 56, 0, 'user', 58, 0, '', 'retire', '[16]', '2013-06-01', '2013-09-28', '2018-01-31', '2013-12-25 09:00:33'),
(59, '0059', 'aitipong', '*00A51F3F48415C7D4E8908980D443C29C69B60C9', 'aitipong@sereneproperty.com', 'นาย', 'อิธิพงษ์', 'แสนคำ', '1989-03-26', '1 4405 00103 65 2', '200 ม.5 ต.เหล่าดอกไม้ อ.ชื่นชม จ.มหาสารคาม', 3, 1, 33, 0, 'user', 27, 0, '', 'retire', '[16]', '2013-06-10', '2013-10-07', '2015-05-31', '2013-12-25 09:00:33'),
(60, '0060', 'prinsiree', '*00A51F3F48415C7D4E8908980D443C29C69B60C9', 'prinsiree@sereneproperty.com', 'นาง', 'ปริณย์สิรี', 'ดุกสุขแก้ว', '1979-05-30', '3 1006 02350 67 4', '47/238  ซ.นิมิตใหม่  40 แขวงสามวาตะวันออก เขตคลอดสามวา กทม', 1, 1, 21, 0, 'manager', 60, 0, '', 'approve', '[1],[2]', '2013-06-13', '2013-10-10', '2015-12-25', '2013-12-25 09:00:33'),
(61, '0061', 'dusadee', '*2985CC033A22DC539B476057B27B5E6055C9D2B8', 'dusadee@sereneproperty.com', 'นางสาว', 'นันท์นภัส', 'เซ่งฉิ่ว', '1984-11-12', '1 9099 00037 42 1', '247  ถ.โคกโตนด  ต.กะรน  อ.เมืองภูเก็ต  จ.ภูเก็ต', 1, 3, 51, 0, 'manager', 61, 0, '', 'approve', '[16],[56],[873]', '2013-06-10', '2013-10-07', '2017-12-25', '2013-12-25 09:00:33'),
(62, '0062', 'kitisak', '*00A51F3F48415C7D4E8908980D443C29C69B60C9', 'kitisak@sereneproperty.com', 'นาย', 'กิติศักดิ์', 'โรจน์กฤตวิทยา', '1983-08-05', '3 9098 00971 24 2', '27  ต.หาดใหญ่  อ.หาดใหญ่  จ.สงขลา', 1, 11, 37, 0, 'user', 62, 0, '', 'approve', '[82]', '2013-07-01', '2013-10-28', '2018-12-25', '2013-12-25 09:00:33'),
(63, '0063', 'kamontip', '*00A51F3F48415C7D4E8908980D443C29C69B60C9', 'kamontip@sereneproperty.com', 'นาง', 'กมลทิพย์', 'สัตยาภรณ์พิพัฒน์', '1975-11-30', '3 8399 00229 38 7', '70/68 ม.6  ต.วิชิต  อ.เมืองภูเก็ต  จ.ภูเก็ต', 2, 1, 27, 0, 'user', 1, 0, '', 'retire', '[56]', '2013-06-27', '2013-10-24', '2015-01-31', '2013-12-25 09:00:33'),
(64, '0064', 'sunanta', '*00A51F3F48415C7D4E8908980D443C29C69B60C9', 'sunanta@sereneproperty.com', 'นางสาว', 'สุนันทา', 'อุปลา', '1933-01-01', '', '', 1, 1, 22, 0, 'user', 1, 0, '', 'retire', '', '2013-07-16', '2013-11-12', '2014-07-18', '2013-12-25 09:00:33'),
(65, '0065', 'pannawit', '*61EDD4419D0C264C83989352DC13F7E6144ED749', 'pannawit@sereneproperty.com', 'นาย', 'ปัณณวิช', 'จันทร์พริ้ม', '1987-05-05', '1 8099 00153 77 5', '416/18 ถ.ราเมศวร์ ต.คูหาสวรรค์ อ.เมือง จ.พัทลุง', 1, 1, 67, 0, 'admin', 65, 0, '', 'approve', '[91]', '2013-08-01', '2013-11-28', '2016-12-25', '2013-12-25 09:00:33'),
(66, '0066', 'orawan', '*00A51F3F48415C7D4E8908980D443C29C69B60C9', 'orawan@sereneproperty.com', 'นางสาว', 'อรวรรณ', 'สังข์ทอง', '1986-06-09', '2 9199 00006 25 7', '64  ม.5  ต.คลองชุด  อ.เมืองสตูล จ.สตูล', 3, 1, 53, 0, 'user', 30, 0, '', 'retire', '[16]', '2013-08-01', '2013-11-28', '2015-05-31', '2013-12-25 09:00:33'),
(67, '0067', 'saowanee', '*A10600FF4A6198FEFBE708C3F5D36027F6F4B854', 'saowanee@sereneproperty.com', 'นางสาว', 'เสาวณีย์', 'แก้วเหมือน', '1985-09-10', '1 9399 00031 12 1', '47  ต.คูหาสวรรค์  อ.เมือง  จ.ภูเก็ต', 1, 3, 13, 0, 'user', 67, 0, '', 'retire', '[7],[16]', '2013-09-03', '2013-12-31', '2018-12-25', '2013-12-25 09:00:33'),
(68, '0068', 'apiluk', '*00A51F3F48415C7D4E8908980D443C29C69B60C9', 'apiluk@sereneproperty.com', 'นาย', 'อภิลักษณ์', 'เรืองแก้ว', '1979-01-15', '3 9009 00155 67 8', '146  ม.3  ต.เขาพระ  อ.รัตภูมิ  จ.สงขลา', 1, 3, 24, 0, 'user', 28, 0, '', 'retire', '[62]', '2013-09-09', '2014-01-06', '2016-02-28', '2013-12-25 09:00:33'),
(69, '0069', 'nantaporn', '*87548992270C17CB4B372E6A1826208E611AB7B5', 'nantaporn@sereneproperty.com', 'นางสาว', 'นันทพร', 'แนมทอง', '1984-05-18', '1 9098 00024 39 5', '16  ถ.เพชรเกษม  ต.หาดใหญ่  อ.หาดใหญ่  จ.สงขลา', 1, 3, 40, 0, 'user', 23, 0, '', 'retire', '[16]', '2013-09-09', '2014-01-06', '2015-09-30', '2013-12-25 09:00:33'),
(70, '0070', 'wantana', '*00A51F3F48415C7D4E8908980D443C29C69B60C9', 'wantana@sereneproperty.com', 'นางสาว', 'วรรทนา', 'โสสูง', '1990-11-15', '1 8399 00207 53 1', '101/363  ม.5  ต.รัษฎา  อ.เมือง  จ.ภูเก็ต', 1, 1, 5, 0, 'user', 70, 0, '', 'approve', '[60]', '2013-09-10', '2014-01-07', '2018-12-25', '2013-12-25 09:00:33'),
(71, '0071', 'attapon', '*00A51F3F48415C7D4E8908980D443C29C69B60C9', 'attapon@sereneproperty.com', 'นาย', 'อัฒฐพล', 'ยอดผกา', '1934-01-01', '3 8003 00113 08 8', '', 1, 1, 24, 0, 'user', 1, 0, '', 'retire', '[62]', '2013-09-16', '2013-01-13', '2015-10-10', '2013-12-25 09:00:33'),
(72, '0072', 'kanthasi', '*00A51F3F48415C7D4E8908980D443C29C69B60C9', 'kanthasi@sereneproperty.com', 'นางสาว', 'กัญฐสิส์', 'วิริยธรรมโสภณ', '1933-01-01', '1 8399 00004 65 6', '', 1, 1, 13, 0, 'user', 1, 0, '', 'retire', '', '2013-09-17', '2013-01-14', '2014-09-19', '2013-12-25 09:00:33'),
(73, '0073', 'usanee', '*A159BA9D4DC4B20AB8FCAF288BC91B37BC7C3A47', 'usanee@sereneproperty.com', 'นางสาว', 'อุษณี', 'จุลรัตน์', '1983-02-26', '3 9003 00154 82 4', '9/50  ม.5  ต.คอหงส์  อ.หาดใหญ่  จ.สงขลา', 1, 3, 16, 0, 'user', 73, 0, '', 'retire', '[6],[56]', '2013-09-30', '2014-01-27', '2016-03-31', '2013-12-25 09:00:33'),
(74, '0074', 'siriporn', '*00A51F3F48415C7D4E8908980D443C29C69B60C9', 'siriporn@sereneproperty.com', 'นางสาว', 'สิริพร', 'ยุคุณธร', '1987-06-16', '1 8399 00118 43 1', '30/5 ม.6 ต.วิชิต อ.เมือง ภูเก็ต', 1, 1, 16, 0, 'user', 74, 0, '', 'approve', '[56],[873]', '2013-10-01', '2014-01-28', '2016-05-31', '2013-12-25 09:00:33'),
(75, '0075', 'prasit', '*00A51F3F48415C7D4E8908980D443C29C69B60C9', 'prasit@sereneproperty.com', 'นาย', 'ประสิทธิ์', 'แหละวงศ์', '1983-04-18', '3 9001 00827 46 9', '91/1  ม.7  ต.วัดขนุน  อ.สิงหนคร  จ.สงขลา', 1, 3, 40, 0, 'user', 75, 0, '', 'approve', '[7],[16]', '2014-06-01', '2014-01-28', '2018-12-25', '2013-12-25 09:00:33'),
(76, '0076', 'puangrat', '*00A51F3F48415C7D4E8908980D443C29C69B60C9', 'puangrat@sereneproperty.com', 'นางสาว', 'พวงรัตน์', 'คงสุข', '1980-07-01', '3 7201 00659 56 8', '2/1  ม.5  ต.บ้านโพธิ์  อ.เมือง  จ.สุพรรณบุรี', 1, 3, 40, 0, 'user', 24, 0, '', 'retire', '[16]', '2013-10-01', '2014-01-28', '2015-12-25', '2013-12-25 09:00:33'),
(77, '0077', 'pojana', '*6EB0DDFA2489964C20EA433C5649715267FD65D6', 'pojana@sereneproperty.com', 'นางสาว', 'พจนา', 'กาละมุน', '1990-01-11', '1 9098 00415 09 2', '77  ถ.มงคลประชา 1  ต.หาดใหญ่  อ.หาดใหญ่  จ.สงขลา', 1, 3, 40, 0, 'user', 77, 0, '', 'approve', '[7],[16]', '2013-10-01', '2014-01-28', '2018-12-25', '2013-12-25 09:00:33'),
(78, '0078', 'maliwan', '*00A51F3F48415C7D4E8908980D443C29C69B60C9', 'maliwan@sereneproperty.com', 'นางสาว', 'มะลิวัลย์', 'นาคสงค์', '1987-12-24', '1 8098 00061 71 2', '498  ม.7 ต.ปากพนังฝั่งตะวันออก  อ.ปากพนัง  จ.นครศรีธรรมราช', 1, 1, 22, 0, 'admin_branch', 78, 0, '', 'approve', '[60]', '2013-10-07', '2014-02-03', '2017-12-25', '2013-12-25 09:00:33'),
(79, '0079', 'tananyapat', '*00A51F3F48415C7D4E8908980D443C29C69B60C9', 'tananyapat@sereneproperty.com', 'นางสาว', 'ธนัญญภัสร์', 'จันทร์รักษ์', '1976-02-09', '3 9305 00821 14 0', '', 2, 1, 2, 0, 'user', 1, 0, '', 'retire', '[56]', '2013-10-07', '2014-02-03', '2015-12-25', '2013-12-25 09:00:33'),
(80, '0080', 'pachaya', '*00A51F3F48415C7D4E8908980D443C29C69B60C9', 'pachaya@sereneproperty.com', 'นางสาว', 'พัชยา ', 'จิราภัย', '1983-05-31', '3 8208 00135 22 6', '301  ม.11 แขวงศาลธรรมสพน์  เขตทวีวัฒนา  กทม', 2, 1, 40, 0, 'user', 80, 0, '', 'retire', '[16],[54]', '2013-10-18', '2014-02-14', '2016-07-05', '2013-12-25 09:00:33'),
(81, '0081', 'teerawit', '*A31774437B72A7389885F04B961727A9EE426452', 'teerawit@sereneproperty.com', 'นาย', 'ธีรวิทย์', 'ช่วยจันทร์', '1984-01-31', '1 8199 00001 61 4', '9  ถ.หุตางกูร  ต.ปากน้ำ  อ.เมืองกระบี่  จ.กระบี่', 1, 3, 24, 0, 'user', 14, 0, '', 'retire', '[62]', '2013-11-01', '2014-01-28', '2016-01-31', '2013-12-25 09:00:33'),
(82, '0082', 'chakrit', '*00A51F3F48415C7D4E8908980D443C29C69B60C9', 'chakrit@sereneproperty.com', 'นาย', 'ชาคริต', 'มูละ', '1980-08-23', '3 9098 01088 15 6', '7/74 ซ.1(นิพัทธ์สงเคราะห์1) ต.หาดใหญ่ อ.เมือง จ.สงขลา', 1, 3, 11, 0, 'manager', 82, 0, '', 'approve', '[1],[2]', '2013-12-02', '2014-03-31', '2016-12-25', '2013-12-25 09:00:33'),
(83, '0083', 'sunisa', '*4CF273DAF0740D48A063FDF3A7866C7765618C5E', 'sunisa@sereneproperty.com', 'นางสาว', 'สุนิศา', 'อินทร์พรหม', '1990-07-07', '1 8499 00102 63 1', '113 ม.10 ต.ท่าเคย อ.ท่าฉาง จ.สุราษฎร์ธานี', 1, 2, 16, 0, 'user', 83, 0, '', 'retire', '[49],[56],[873]', '2013-12-03', '2014-04-01', '2018-12-25', '2013-12-25 09:00:33'),
(84, '0084', 'pornusa', '*00A51F3F48415C7D4E8908980D443C29C69B60C9', 'pornusa@sereneproperty.com', 'นางสาว', 'พรอุษา', 'ชนะแก้ว', '1987-08-04', '1 8013 00106 40 0', '81/4 ม.6 ต.นาหมอบุญ อ.จุฬาภรณ์ จ.นครศรีธรรมราช', 1, 1, 16, 0, 'user', 84, 0, '', 'approve', '[56],[873]', '2013-12-11', '2014-04-09', '2016-12-25', '2013-12-25 09:00:33'),
(85, '0085', 'surapol', '*00A51F3F48415C7D4E8908980D443C29C69B60C9', 'surapol@sereneproperty.com', 'นาย', 'สุรพล', 'มุณีบังเกิด', '1983-11-16', '3 9011 00157 96 1', '23/2 หมู่ 1 ต.คอหงส์  อ.หาดใหญ่ จ.สงขลา', 3, 3, 33, 0, 'user', 42, 0, '', 'retire', '[6],[16],[87]', '2014-01-03', '2014-05-02', '2015-01-28', '2014-01-28 17:32:42'),
(87, '0087', 'purim', '*00A51F3F48415C7D4E8908980D443C29C69B60C9', 'purim@sereneproperty.com', 'นาย', 'ปุริม', 'พลอินทร์', '1979-02-15', '3 9299 00083 21 7', '40 ซ.3 ถ.พัทลุง  ต.ทับเที่ยง อ.เมืองตรัง จ.ตรัง ', 3, 3, 7, 0, 'manager', 40, 0, '', 'retire', '[6],[16]', '2014-01-13', '2014-05-12', '2015-01-29', '2014-01-28 17:34:42'),
(86, '0086', 'anurit', '*00A51F3F48415C7D4E8908980D443C29C69B60C9', 'anurit@sereneproperty.com', 'นาย', 'อณูฤทธิ์', 'วงศ์ศราวิทย์', '1984-01-25', '1 9098 00005 37 4', '22 ซ.14(ราษฎร์อุทิศ) ต.หาดใหญ่ อ.หาดใหญ่ จ.สงขลา', 3, 3, 33, 0, 'user', 39, 0, '', 'retire', '[6],[16]', '2014-01-06', '2014-05-05', '2015-01-29', '2014-01-28 17:36:28'),
(88, '0088', 'chanchira', '*00A51F3F48415C7D4E8908980D443C29C69B60C9', 'chanchira@sereneproperty.com', 'นางสาว', 'จันทร์จิรา', 'ฉัตรเจต', '1985-10-28', '1 5212 90000 03 8', '88 ถ.เพชรเกษม ซ.36 ต.หาดใหญ่ จ.สงขลา', 3, 3, 53, 0, 'user', 41, 0, '', 'retire', '[6],[16]', '2014-02-01', '2014-05-02', '2015-02-11', '2014-01-29 11:52:52'),
(89, '0089', 'thanan', '*00A51F3F48415C7D4E8908980D443C29C69B60C9', 'thanan@sereneproperty.com', 'นาย', 'ฐานันดร์', 'พิพัฒน์เจษฎากุล', '1934-08-20', '3 9097 00071 80 1', '198 ถ.ปาดังเบซาร์ ต.สะเดา อ.สะเดา จ.สงขลา', 1, 1, 32, 0, 'manager', 1, 0, '', 'retire', '[1],[2]', '2014-02-03', '2014-06-02', '2015-06-02', '2014-01-30 11:07:39'),
(90, '0090', 'pattama', '*2CF8CA4038FB9C5F979EAA73F72D11DAF8F498AD', 'pattama@sereneproperty.com', 'นางสาว', 'ปัตฐมา', 'เนื่องจำนงค์', '1937-03-25', '3 1007 00504 39 1', '683 ซ.ลาดพร้าว 71 แขวงสะพานสอง เขตวังทองหลาง กทม.', 1, 11, 44, 0, 'manager', 90, 0, '', 'approve', '[16]', '2014-02-17', '2014-06-16', '2018-03-12', '2014-01-30 11:11:11'),
(91, '0091', 'chitchanok', '*00A51F3F48415C7D4E8908980D443C29C69B60C9', 'chitchanok@sereneproperty.com', 'นาย', 'ชิดชนก', 'แสงรัตน์', '1934-01-31', '3 8301 00164 01 1', '63/9 ม.1 ถ.เจ้าฟ้า ต.วิชิต อ.เมือง จ.ภูเก็ต 83000', 1, 1, 18, 0, 'admin', 91, 0, '', 'approve', '[1],[2]', '2014-02-17', '2014-06-16', '2015-02-17', '2014-01-30 11:13:00'),
(92, '0092', 'tuangrat', '*0A8BFAFA240B536C553E5C94486CA4B888AB3ECF', 'tuangrat@sereneproperty.com', 'นางสาว', 'ตวงรัตน์', 'สุขรัตน์ฤทธิ์', '1934-01-14', '1 8003 00014 98 9', '6 หมู่ 4 ต.ลานสกา อ.ขุนทะเล จ.นครศรีธรรมราช', 2, 1, 1, 0, 'user', 1, 0, '', 'retire', '[56]', '2014-02-17', '2014-06-16', '2015-02-28', '2014-02-24 15:48:33'),
(93, '0093', 'natthakan', '*00A51F3F48415C7D4E8908980D443C29C69B60C9', 'natthakan@sereneproperty.com', 'นางสาว', 'ณัฎฐกานต์', 'ธนกุลไพสิฐ', '1934-02-17', '1 9599 00317 30 1', '30/4 หมู่ 6 ต.มาโมง อ.สุคิริน จ.นราธิวาส', 2, 1, 28, 0, 'user', 1, 0, '', 'retire', '[91]', '2014-02-17', '2014-06-16', '2015-02-24', '2014-02-24 15:51:17'),
(94, '0094', 'niramon', '*00A51F3F48415C7D4E8908980D443C29C69B60C9', 'niramon@sereneproperty.com', 'นาง', 'นิรมล', 'มิตช่วยรอด', '1935-02-24', '1 9098 00044 27 2', '234/34 ถ.บ้านพรุธานี ต.บ้านพรุ อ.หาดใหญ่ จ.สงขลา 90250', 1, 3, 16, 0, 'user', 94, 0, '', 'approve', '[16],[56],[61],[873]', '2014-05-02', '2014-09-02', '2016-02-24', '2014-02-24 15:54:29'),
(95, '0095', 'chairat', '*00A51F3F48415C7D4E8908980D443C29C69B60C9', 'chairat@sereneproperty.com', 'นาย', 'ชัยรัตน์', 'สังขรัตนพันธุ์', '1934-03-23', '3 9599 00201 20 1', '91/14 ม.5 ต.คลองแห อ.หาดใหญ่ จ.สงขลา', 1, 3, 55, 0, 'user', 36, 0, '', 'retire', '[62]', '2014-03-01', '2014-02-24', '2015-03-06', '2014-02-24 16:04:39'),
(862, '0096', 'sitthiphon', '*D790D83E8B6629107DA63F145D7F7D528C3F84F7', 'sitthiphon@sereneproperty.com', 'นาย', 'สิทธิพล', 'เพิ่มสติ', '1935-02-26', '3 1206 00047 25 7', '116/10 ซ.3 (ถ.วิเศษกุล) ต.ทับเที่ยง อ.เมือง จ.ตรัง', 1, 1, 27, 0, 'user', 862, 0, '', 'approve', '[56],[873]', '2014-03-04', '2014-07-01', '2016-03-31', '2014-03-12 11:15:03'),
(863, '0097', 'thanaed', '*36736566FD098D389A7B21011DBA52FB27DD2DE6', 'thanaed@sereneproperty.com', 'นาย', 'ธเนศ', 'หลำหัส', '1936-05-13', '1 5702 00077 07 8', '121 ซ.บุญวรรณโร ต.หาดใหญ่ อ.หาดใหญ่ จ.สงขลา', 1, 3, 57, 0, 'user', 863, 0, '', 'retire', '[62]', '2014-03-08', '2016-03-31', '2017-03-31', '2014-03-12 11:17:49'),
(872, '0106', 'wiriya', '*00A51F3F48415C7D4E8908980D443C29C69B60C9', 'wiriya@sereneproperty.com', 'นาย', 'วิริยะ', 'วิทยารัฐ', '1935-06-30', '3 9599 00203 45 0', '240/23 ม.2 ต.พะวง อ.เมือง จ.สงขลา', 1, 3, 55, 0, 'user', 43, 0, '', 'retire', '[62]', '2014-06-02', '2014-10-02', '2016-02-28', '2014-06-30 10:08:41'),
(864, '0098', 'lisa', '*00A51F3F48415C7D4E8908980D443C29C69B60C9', 'lisa@sereneproperty.com', 'นางสาว', 'ลิซ่า', 'สว่างวงศ์', '1936-03-31', '2 9003 01030 92 6', '18/25 หมู่ที่ 9 ต.สะกอม อ.จะนะ จ.สงขลา', 1, 10, 51, 0, 'manager', 864, 0, '', 'retire', '[6],[56],[873]', '2014-03-31', '2014-03-31', '2017-11-12', '2014-03-31 10:34:56'),
(865, '0099', 'pinanong', '*00A51F3F48415C7D4E8908980D443C29C69B60C9', 'pinanong@sereneproperty.com', 'นางสาว', 'ปิ่นอนงค์', 'อะหวังดาโห๊ะ', '1934-03-09', '1 9105 00063 80 0', '23 หมู่ 1 ต.แหลมสน อ.ละงู จ.สตูล', 3, 1, 53, 0, 'user', 1, 0, '', 'retire', '[16]', '2014-04-01', '2014-07-29', '2015-04-24', '2014-04-24 14:50:29'),
(866, '0100', 'noppadon', '*00A51F3F48415C7D4E8908980D443C29C69B60C9', 'noppadon@sereneproperty.com', 'นาย', 'นภดล', 'ศีลวัฒน์', '1934-04-13', '1 9098 00274 65 1', '22 ซ.14(ราษฎร์อุทิศ) ต.หาดใหญ่ อ.หาดใหญ่ จ.สงขลา', 3, 3, 33, 0, 'user', 1, 0, '', 'retire', '[16]', '2014-04-04', '2014-08-01', '2015-04-24', '2014-04-24 14:54:47'),
(867, '0101', 'jirawat', '*00A51F3F48415C7D4E8908980D443C29C69B60C9', 'jirawat@sereneproperty.com', 'นาย', 'จิรวัฒน์', 'แก้วโชติ', '1935-01-16', '3 8004 00943 16 3', '232/65 หมู่ 8 ต.ศรีสุนทร อ.ถลาง จ.ภูเก็ต', 1, 1, 24, 0, 'user', 867, 0, '', 'retire', '[91]', '2014-04-17', '2015-12-31', '2016-05-22', '2014-04-24 14:57:57'),
(868, '0102', 'arnupong', '*00A51F3F48415C7D4E8908980D443C29C69B60C9', 'arnupong@sereneproperty.com', 'นาย', 'อานุพงศ์', 'บุษราภรณ์', '1935-04-21', '3 9301 00405 75 1', '16 หมู่ 13 ต.ชัยบุรี อ.เมือง จ.พัทลุง', 1, 10, 37, 0, 'manager', 868, 0, '', 'approve', '[82]', '2014-04-21', '2014-08-18', '2016-04-25', '2014-04-24 14:59:57'),
(869, '0103', 'kaweena', '*B88DFF8947BFBEEE4195A09A9888ECF5E3D84F69', 'kaweena@sereneproperty.com', 'นาง', 'ขวีน่า', 'บิลหมาด', '1937-04-26', '1 9098 00276 56 4', '223 หมู่ 7 ต.ท่าช้าง อ.บางกล่ำ จ.สงขลา', 1, 3, 39, 0, 'admin_branch', 869, 0, '', 'approve', '[7],[16]', '2014-04-17', '2014-08-14', '2018-07-01', '2014-04-24 15:03:07'),
(870, '0104', 'kamontip_s', '*8352B8B5A64F65AA35DE9F2AB998B52EB7847F95', 'kamontip_s@sereneproperty.com', 'นางสาว', 'กมลทิพย์', 'แซ่ตั้ง', '1935-04-04', '1 9098 00433 26 1', '51 ถ.เทศาพัฒนา ซอย 8 ต.หาดใหญ่ อ.หาดใหญ่ จ.สงขลา', 1, 3, 13, 0, 'user', 870, 0, '', 'retire', '[90]', '2015-04-01', '2015-07-29', '2016-06-30', '2014-04-24 15:10:38'),
(871, '0105', 'chatchai', '*00A51F3F48415C7D4E8908980D443C29C69B60C9', 'chatchai@sereneproperty.com', 'นาย', 'ฉัตรชัย', 'สินสวัสดิ์', '1934-06-02', '1 1499 00156 50 9', '69/2 หมู่ 4 ต.วัดตูม อ.พระนครศรีอยุธยา จ.พระนครศรีอยุธยา', 1, 1, 22, 0, 'admin', 1, 0, '', 'retire', '[65]', '2014-05-20', '2014-09-20', '2015-06-30', '2014-06-02 14:41:38'),
(873, '0107', 'umaporn', '*9236912FFC9F9B037202623FFA3753F7C9E3D0FF', 'umaporn@sereneproperty.com', 'นางสาว', 'อุมาพร', 'คชรัตน์', '1934-06-30', '3 8204 00099 78 8', '64 ม.1 ต.หล่อยูง อ.ตะกั่วทุ่ง จ.พังงา', 1, 1, 63, 0, 'manager', 873, 0, '', 'approve', '[56]', '2014-06-16', '2014-10-16', '2015-06-30', '2014-06-30 10:11:50'),
(874, '0108', 'kitima', '*00A51F3F48415C7D4E8908980D443C29C69B60C9', 'kitima@sereneproperty.com', 'นางสาว', 'กิติมา', 'ประสงค์กิจ', '1935-06-30', '1 8399 00121 74 1', '116/1 ม.2 ต.ป่ากอ อ.เมือง จ.พังงา', 1, 1, 68, 0, 'user', 874, 0, '', 'retire', '[56]', '2014-06-16', '2014-10-30', '2016-02-28', '2014-06-30 10:13:19'),
(875, '0110', 'abdulrahman', '*50FCE24E1E1F92FD385AB5E41CB592398CF9DC6E', 'abdulrahman@sereneproperty.com', 'นาย', 'อับดุลเราะห์มัน', 'จารง', '1935-07-02', '3 9410 00569 67 1', '29/2 ม.2 ต.เขาตูม อ.ยะรัง จ.ปัตตานี', 1, 3, 66, 0, 'user', 875, 0, '', 'approve', '[82]', '2014-07-01', '2014-10-01', '2016-07-02', '2014-07-02 07:55:46'),
(876, '0109', 'charinya', '*67F2C14CF05784F803CFF0CC4A84A0A84E72CBD5', 'charinya@sereneproperty.com', 'นางสาว', 'ชริณญา', 'เพ็งรัตน์', '1987-12-17', '1 8409 00033 89 5', '162 ม.3 ต.ช้างขวา อ.กาญจนดิษฐ์ จ.สุราษฎร์ธานี', 1, 2, 40, 0, 'user', 876, 0, '', 'retire', '[16]', '2014-06-23', '2014-10-20', '2017-08-30', '2014-07-22 16:04:39'),
(877, '0111', 'puyfai', '*00A51F3F48415C7D4E8908980D443C29C69B60C9', 'puyfai@sereneproperty.com', 'นางสาว', 'ปุยฝ้าย', 'ฉันงูเหลือม', '1988-08-29', '1 8099 00217 96 0', '8/6 ถ.รัถการ  ต.หาดใหญ่ อ.หาดใหญ่ จ.สงขลา', 1, 3, 40, 0, 'user', 1, 0, '', 'retire', '[16]', '2014-07-01', '2014-10-28', '2015-08-31', '2014-07-22 16:35:31'),
(878, '0112', 'ponpan', '*00A51F3F48415C7D4E8908980D443C29C69B60C9', 'ponpan@sereneproperty.com', 'นางสาว', 'พรพรรณ', 'ลิมปะวิทยานนท์', '1982-05-24', '3 8013 00318 20 9', '317 ถ.ศรีสุนทร ต.เชิงทะเล อ.ถลาง จ.ภูเก็ต', 1, 1, 28, 0, 'user', 1, 0, '', 'retire', '[91]', '2014-07-23', '2014-11-19', '2015-09-30', '2014-07-22 16:39:49'),
(880, '0114', 'sinewadee', '*00A51F3F48415C7D4E8908980D443C29C69B60C9', 'sinewadee@sereneproperty.com', 'นางสาว', 'ทรายวดี', 'บัวเป็นคง', '1988-10-26', '1 9599 00173 58 9', '2 ม.7 ต.บ้านโหนด อ.สะบ้าย้อย จ.สงขลา ', 1, 3, 40, 0, 'user', 880, 0, '', 'retire', '[16]', '2014-08-04', '2014-12-01', '2017-08-06', '2014-08-25 09:13:06'),
(879, '0113', 'piyanun', '*00A51F3F48415C7D4E8908980D443C29C69B60C9', 'piyanun@sereneproperty.com', 'นางสาว', 'ปิยนันท์', 'จำรูญวงศ์', '1935-05-01', '1 8205 00067 08 3', '3/73 ม.3 ต.รัษฎา อ.เมือง จ.ภูเก็ต 83000', 1, 1, 22, 0, 'user', 879, 0, '', 'retire', '[60]', '2014-12-01', '2015-03-30', '2016-06-30', '2014-08-25 09:09:32'),
(881, '0115', 'nareerat', '*00A51F3F48415C7D4E8908980D443C29C69B60C9', 'nareerat@sereneproperty.com', 'นางสาว', 'นารีรัตน์', 'ธัญญพานิช', '2015-12-28', '1 9399 00192 32 0', '54/1 ถ.บำรุงราษฎร์ ต.คูหาสวรรค์ อ.เมือง จ.พัทลุง', 1, 3, 40, 0, 'user', 881, 0, '', 'approve', '[7],[16]', '2014-10-01', '2014-01-28', '2018-05-06', '2014-10-01 14:18:06'),
(882, '0116', 'amornrat', '*00A51F3F48415C7D4E8908980D443C29C69B60C9', 'amornrat@sereneproperty.com', 'นางสาว', 'กัญญาภัทร', 'บุญฤทธิ์', '2015-08-10', '1 8013 00090 31 7', '147/147 ม.6 ถ.ชนเกษม ต.มะขามเตี้ย อ.เมือง จ.สุราษฎร์ธานี', 1, 2, 40, 0, 'user', 882, 0, '', 'retire', '[16],[35]', '2015-12-01', '2015-12-30', '2017-11-12', '2014-12-20 11:13:34'),
(883, '0117', 'benchamaphon', '*00A51F3F48415C7D4E8908980D443C29C69B60C9', 'benchamaphon@sereneproperty.com', 'นางสาว', 'เบญจมาภรณ์', 'พูนพนัง', '1986-11-13', '', '', 1, 3, 70, 0, 'user', 883, 0, '', 'test', '[82]', '2016-12-20', '2017-04-21', '2017-10-18', '2015-01-27 11:08:00'),
(884, '0118', 'wipawan', '*600C5984D69BF54C98C8FA66E7D5BAF028813318', 'wipawan@sereneproperty.com', 'นางสาว', 'วิภาวรรณ', 'สวัสดิ์เกื้อ', '1985-04-27', '', '', 1, 1, 68, 0, 'user', 884, 0, '', 'approve', '[4],[56]', '2015-03-30', '2015-07-27', '2016-05-06', '2015-04-11 15:46:54'),
(885, '0119', 'suwipa', '*00A51F3F48415C7D4E8908980D443C29C69B60C9', 'suwipa@sereneproperty.com', 'นางสาว', 'สุวิภา', 'สิทธินาม', '1935-04-23', '', '', 1, 3, 40, 0, 'user', 885, 0, '', 'retire', '[16]', '2015-04-16', '2015-04-30', '2016-06-30', '2015-05-06 09:18:40'),
(886, '0120', 'laddawan', '*00A51F3F48415C7D4E8908980D443C29C69B60C9', 'laddawan@sereneproperty.com', 'นางสาว', 'ลัดดาวัลย์', 'ปานมาศ', '1936-11-04', '', '', 1, 2, 40, 0, 'user', 886, 0, '', 'retire', '[16]', '2015-04-20', '2015-08-17', '2017-04-30', '2015-05-06 09:21:03'),
(887, '0121', 'thee', '*00A51F3F48415C7D4E8908980D443C29C69B60C9', 'thee@sereneproperty.com', 'นาย', 'ธีร์', 'ศิริทรัพย์สวัสดิ์', '1936-07-29', '', '', 1, 10, 22, 0, 'admin_branch', 887, 0, '', 'retire', '[60]', '2015-07-02', '2015-10-28', '2017-11-20', '2015-07-16 11:12:30'),
(888, '0122', 'pattanan', '*FB01A679D8053076C3BBA57637A5EB0FDFBF1473', 'pattanan@sereneproperty.com', 'นางสาว', 'พัทธนันท์', 'ละลี', '1937-05-30', '', '', 1, 10, 16, 0, 'user', 888, 0, '', 'approve', '[16],[54],[873],[894]', '2015-08-01', '2015-11-28', '2018-08-26', '2015-07-28 09:26:32'),
(892, '0125', 'jittima', '*00A51F3F48415C7D4E8908980D443C29C69B60C9', 'jittima@sereneproperty.com', 'นางสาว', 'จิตติมา', 'วงศ์แก้ว', '1937-08-04', '', '', 1, 10, 6, 0, 'user', 892, 0, '', 'approve', '[16],[54]', '2015-09-07', '2016-01-04', '2018-10-05', '2015-10-05 14:32:33'),
(890, '0123', 'narisa', '*00A51F3F48415C7D4E8908980D443C29C69B60C9', 'narisa@sereneproperty.com', 'นางสาว', 'นริสา', 'ใคล้แค', '1937-10-07', '', '', 1, 10, 39, 0, 'admin_branch', 890, 0, '', 'approve', '[54]', '2015-08-01', '2015-11-28', '2018-08-26', '2015-08-26 16:31:20'),
(891, '0124', 'konkanok', '*00A51F3F48415C7D4E8908980D443C29C69B60C9', 'konkanok', 'นางสาว', 'กรกนก', 'สุวรรณโมลี', '1935-10-26', '', '', 1, 10, 40, 0, 'user', 891, 0, '', 'retire', '[6]', '2015-08-01', '2015-11-28', '2016-08-18', '2015-08-26 16:34:10'),
(893, '0126', 'nuanla-or', '*00A51F3F48415C7D4E8908980D443C29C69B60C9', 'nuanla-or@sereneproperty.com', 'นางสาว', 'นวลลออ', 'จันทรมณี', '1936-02-21', '', '', 1, 3, 70, 0, 'admin_branch', 893, 0, '', 'retire', '[82]', '2016-11-02', '2016-02-29', '2017-08-15', '2015-11-09 09:36:13'),
(895, '0128', 'sarawut', '*00A51F3F48415C7D4E8908980D443C29C69B60C9', 'sarawut@sereneproperty.com', 'นาย', 'ศราวุธ', 'ด้วงคำจันทร์', '1936-11-02', '', '', 1, 10, 22, 0, 'user', 895, 0, '', 'retire', '[6],[60]', '2016-01-04', '2016-05-02', '2017-03-25', '2016-01-21 14:11:35'),
(894, '0127', 'thatchakorn', '*00A51F3F48415C7D4E8908980D443C29C69B60C9', 'thatchakorn@sereneproperty.com', 'นางสาว', 'ธัชกร', 'สิทธิบุตร', '2016-05-23', '', '', 1, 10, 51, 0, 'user', 894, 0, '', 'approve', '[16],[54],[873]', '2015-11-17', '2016-03-15', '2018-03-10', '2015-11-18 17:00:07'),
(896, '0129', 'hatairat', '*00A51F3F48415C7D4E8908980D443C29C69B60C9', 'hatairat@sereneproperty.com', 'นางสาว', 'หทัยรัตน์', 'ชูพรรคพานิช', '1991-02-06', '', '', 1, 10, 40, 0, 'user', 896, 0, '', 'retire', '[16]', '2016-02-15', '2016-06-13', '2017-05-30', '2016-02-24 14:34:39'),
(897, '0130', 'amonrat_h', '*00A51F3F48415C7D4E8908980D443C29C69B60C9', 'amonrat_h@sereneproperty.com', 'นางสาว', 'อมรรัตน์', 'หอมทอง', '1937-09-23', '', '', 1, 1, 22, 0, 'user', 897, 0, '', 'retire', '[60]', '2017-02-01', '2017-05-31', '2018-09-20', '2016-02-24 14:42:24'),
(898, '0131', 'saisuree', '*00A51F3F48415C7D4E8908980D443C29C69B60C9', 'saisuree@sereneproperty.com', 'นางสาว', 'สายสุรี', 'สายใหม', '1937-07-17', '', '', 1, 11, 16, 0, 'user', 898, 0, '', 'approve', '[16],[90],[873],[900]', '2017-08-01', '2017-08-01', '2018-08-16', '2016-08-01 13:48:42'),
(899, '0132', 'sakuna', '*00A51F3F48415C7D4E8908980D443C29C69B60C9', 'sakuna@sereneproperty.com', 'นางสาว', 'สกุณา', 'ทองมีขวัญ', '1936-12-08', '', '', 1, 3, 70, 0, 'admin_branch', 899, 0, '', 'retire', '[82]', '2016-08-01', '2016-11-28', '2017-11-06', '2016-08-01 13:51:54'),
(900, '0133', 'chulaporn', '*00A51F3F48415C7D4E8908980D443C29C69B60C9', 'chulaporn@sereneproperty.com', 'นางสาว', 'จุฬาภรณ์', 'ตระโกสุม', '1937-05-02', '', '', 1, 11, 51, 0, 'user', 900, 0, '', 'approve', '[16],[56],[90],[873]', '2017-08-22', '2017-12-19', '2018-08-22', '2016-08-22 16:03:41'),
(901, '0134', 'aungkana', '*00A51F3F48415C7D4E8908980D443C29C69B60C9', 'aungkana@sereneproperty.com', 'นางสาว', 'อังคณา', 'วรรณสร', '1936-09-01', '', '', 1, 10, 40, 0, 'user', 901, 0, '', 'retire', '', '2016-09-01', '2016-12-29', '2017-09-02', '2016-10-03 10:12:30'),
(902, '0135', 'nittaya', '*00A51F3F48415C7D4E8908980D443C29C69B60C9', 'nittaya@sereneproperty.com', 'นางสาว', 'นิตยา', 'ชุ่มชื่น', '2017-09-08', '', '', 1, 11, 39, 0, 'admin_branch', 902, 0, '', 'approve', '[16],[90]', '2017-09-01', '2017-12-29', '2018-02-06', '2016-10-03 10:15:14'),
(903, '0136', 'montartip', '*00A51F3F48415C7D4E8908980D443C29C69B60C9', 'montartip@sereneproperty.com', 'นางสาว', 'มณฑาทิพย์', 'คำนิล', '1936-01-23', '', '', 1, 10, 40, 0, 'user', 903, 0, '', 'retire', '[16],[892]', '2016-11-07', '2016-01-07', '2017-11-30', '2016-11-07 13:56:34'),
(904, '0137', 'aekanan', '*C65BCC421F41F500304A30BE1DA2CCEDC0EA940A', 'aekanan@sereneproperty.com', 'นาย', 'เอกอนันต์', 'อินทรทรัพย์', '1937-05-27', '', '', 1, 11, 37, 0, 'manager', 904, 0, '', 'retire', '[82]', '2017-02-01', '2017-05-31', '2018-02-07', '2017-02-07 10:36:24'),
(905, '0138', 'suppaluk', '*00A51F3F48415C7D4E8908980D443C29C69B60C9', 'suppaluk@sereneproperty.com', 'นางสาว', 'ศุภลักษณ์', 'ทองหล่อ', '1937-02-27', '', '', 1, 10, 40, 0, 'user', 905, 0, '', 'approve', '[16],[54]', '2017-02-16', '2017-06-15', '2018-03-22', '2017-02-27 15:59:05'),
(906, '0139', 'todsaporn', '*C3741EF5D85A55FE25F5D009BF8900390BAE6106', 'todsaporn@sereneproperty.com', 'นาย', 'ทศพร', 'ศรีสุขประเสริฐ', '1937-03-01', '', '', 1, 1, 74, 0, 'user', 906, 0, '', 'approve', '[60]', '2017-03-01', '2017-07-01', '2018-03-01', '2017-03-01 10:32:49'),
(907, '0141', 'chonnikan', '*00A51F3F48415C7D4E8908980D443C29C69B60C9', 'chonnikan@sereneproperty.com', 'นางสาว', 'ชนนิกานต์', 'แดงคล้าย', '1937-08-30', '', '', 1, 10, 40, 0, 'user', 907, 0, '', 'retire', '[16],[90]', '2017-04-01', '2017-07-29', '2018-04-03', '2017-04-03 11:23:57'),
(908, '140', 'tinnapop', '*D31D348BDEE614BAF43C7FFEBF057E70B8544D7B', 'tinnapop@sereneproperty.com', 'นาย', 'ติณณภพ', 'จะโนภาษ', '1937-06-12', '', '', 1, 11, 37, 0, 'user', 908, 0, '', 'retire', '[82]', '2018-06-12', '2018-08-12', '2018-08-31', '2017-06-16 17:14:22'),
(909, '0142', 'jirapa', '*00A51F3F48415C7D4E8908980D443C29C69B60C9', 'jirapa@sereneproperty.com', 'นางสาว', 'จิราภา', 'นฤนาทประการ', '1937-06-20', '', '', 1, 1, 22, 0, 'user', 909, 0, '', 'approve', '[60]', '2018-09-01', '2018-09-01', '2018-09-19', '2017-07-01 16:18:59'),
(911, '9999', 'ilchaose', '*AE686599A57707A1A579534257134E1FD6BDEDCC', 'chitpitak.t@gmail.com', 'นาย', '2t4ru', 'eiei', '2016-06-14', '5 5555 55555 55 5', 'asdasdasdasd', 1, 3, 18, 0, '', 0, 0, '', 'test', '', '0000-00-00', '0000-00-00', '0000-00-00', '0000-00-00 00:00:00'),
(919, '9999', '', '', '', '', '', '', '0000-00-00', '', '', 0, 0, 0, 0, '', 0, 0, '', '', '[]', '0000-00-00', '0000-00-00', '0000-00-00', '0000-00-00 00:00:00'),
(918, '9999', 'qqqq', '*D4D53B1449CB708DA0F7A12CFC63831F49915038', 'csc', 'นาย', 'dfdvd', 'www', '0000-00-00', 'xcx', 'xvsdv', 1, 1, 16, 0, '', 0, 0, '', '', '[[911]]', '0000-00-00', '0000-00-00', '0000-00-00', '0000-00-00 00:00:00'),
(915, '9999', '1111', '*89C6B530AA78695E257E55D63C00A6EC9AD3E977', 'ilchaose_kakz@live.com', 'นาย', 'Absolude', 'Zero', '0000-00-00', '8 8888 88888 88 8', '--', 1, 10, 19, 0, '', 0, 0, '', '', '[911]', '0000-00-00', '0000-00-00', '0000-00-00', '0000-00-00 00:00:00'),
(917, '9999', 'test', '*79F03894C8051E03949A9F87C0824822405C5079', 'asdasd', 'นาย', 'wqeqwe', 'ccc', '0000-00-00', '5555555555', 'scxc', 1, 3, 22, 0, '', 0, 0, '', '', '[911],[915]', '0000-00-00', '0000-00-00', '0000-00-00', '0000-00-00 00:00:00');

-- --------------------------------------------------------

--
-- Table structure for table `user_outgoing`
--

CREATE TABLE `user_outgoing` (
  `user_outgoing_id` int(11) NOT NULL,
  `branch_id` int(11) NOT NULL,
  `user_id` int(11) NOT NULL,
  `origin_lat` varchar(100) COLLATE utf8_bin NOT NULL,
  `origin_lng` varchar(100) COLLATE utf8_bin NOT NULL,
  `origin_branch_description_id` enum('0','1') COLLATE utf8_bin NOT NULL,
  `destination_lat` varchar(100) COLLATE utf8_bin NOT NULL,
  `destination_lng` varchar(100) COLLATE utf8_bin NOT NULL,
  `destination_branch_description_id` enum('0','1') COLLATE utf8_bin NOT NULL,
  `vihecle_type` enum('car','motercycle') COLLATE utf8_bin NOT NULL,
  `distance` double NOT NULL,
  `rate` double NOT NULL,
  `cost` double NOT NULL,
  `status` enum('wait','approve','cancle') COLLATE utf8_bin NOT NULL,
  `datetime_enter` datetime NOT NULL
) ENGINE=InnoDB DEFAULT CHARSET=utf8 COLLATE=utf8_bin;

--
-- Dumping data for table `user_outgoing`
--

INSERT INTO `user_outgoing` (`user_outgoing_id`, `branch_id`, `user_id`, `origin_lat`, `origin_lng`, `origin_branch_description_id`, `destination_lat`, `destination_lng`, `destination_branch_description_id`, `vihecle_type`, `distance`, `rate`, `cost`, `status`, `datetime_enter`) VALUES
(382, 1, 918, '7.906063400000001', '98.36658050000005', '0', '7.906113606755272', '98.36654517799616', '0', 'motercycle', 0.45, 2, 0.9, 'cancle', '2017-09-26 16:42:40'),
(383, 1, 918, '7.906063400000001', '98.36658050000005', '0', '7.8832343478023645', '98.39231014251709', '0', 'motercycle', 5.247, 2, 10.494, 'wait', '2017-09-26 16:46:46'),
(384, 3, 917, '7.0063486', '100.49869669999998', '0', '7.012816042569052', '100.42516708374023', '0', 'motercycle', 15.105, 2, 30.21, 'wait', '2017-09-26 16:48:00'),
(385, 3, 917, '7.0063486', '100.49869669999998', '0', '7.011623400954923', '100.47022819519043', '0', 'motercycle', 3.798, 2, 7.596, 'wait', '2017-09-26 16:56:47'),
(386, 3, 917, '7.0063486', '100.49869669999998', '0', '7.011623400954923', '100.47022819519043', '0', 'motercycle', 3.798, 2, 7.596, 'wait', '2017-09-26 16:56:47'),
(387, 3, 917, '7.0063486', '100.49869669999998', '0', '7.011623400954923', '100.47022819519043', '0', 'motercycle', 3.798, 2, 7.596, 'wait', '2017-09-26 16:56:47'),
(388, 3, 917, '7.0063486', '100.49869669999998', '0', '7.011623400954923', '100.47022819519043', '0', 'motercycle', 3.798, 2, 7.596, 'wait', '2017-09-26 16:56:47'),
(389, 3, 917, '7.0063486', '100.49869669999998', '0', '7.011623400954923', '100.47022819519043', '0', 'motercycle', 3.798, 2, 7.596, 'wait', '2017-09-26 16:56:47'),
(390, 3, 917, '7.0063486', '100.49869669999998', '0', '7.011623400954923', '100.47022819519043', '0', 'motercycle', 3.798, 2, 7.596, 'wait', '2017-09-26 16:56:47'),
(391, 3, 917, '7.0063486', '100.49869669999998', '0', '7.011623400954923', '100.47022819519043', '0', 'motercycle', 3.798, 2, 7.596, 'wait', '2017-09-26 16:56:47'),
(392, 3, 917, '7.0063486', '100.49869669999998', '0', '7.011623400954923', '100.47022819519043', '0', 'motercycle', 3.798, 2, 7.596, 'wait', '2017-09-26 16:56:47'),
(393, 3, 917, '7.0063486', '100.49869669999998', '0', '7.011623400954923', '100.47022819519043', '0', 'motercycle', 3.798, 2, 7.596, 'wait', '2017-09-26 16:56:47'),
(394, 3, 917, '7.0063486', '100.49869669999998', '0', '7.011623400954923', '100.47022819519043', '0', 'motercycle', 3.798, 2, 7.596, 'wait', '2017-09-26 16:56:47'),
(395, 3, 917, '7.0063486', '100.49869669999998', '0', '7.011623400954923', '100.47022819519043', '0', 'motercycle', 3.798, 2, 7.596, 'wait', '2017-09-26 16:56:47'),
(396, 3, 917, '7.0063486', '100.49869669999998', '0', '6.991603604199083', '100.48293113708496', '0', 'motercycle', 3.836, 2, 7.672, 'wait', '2017-09-26 17:12:09'),
(397, 3, 917, '7.0063486', '100.49869669999998', '0', '7.002806277188252', '100.49044132232666', '0', 'motercycle', 2.141, 2, 4.282, 'wait', '2017-09-26 17:13:37'),
(398, 3, 917, '7.0063486', '100.49869669999998', '0', '7.002806277188252', '100.49044132232666', '0', 'motercycle', 2.141, 2, 4.282, 'wait', '2017-09-26 17:13:37'),
(399, 1, 918, '7.906063400000001', '98.36658050000005', '0', '7.759129793877661', '98.30360412597656', '0', 'motercycle', 20.237, 2, 40.474, 'wait', '2017-09-26 17:19:25'),
(400, 3, 917, '7.0063486', '100.49869669999998', '0', '6.934435981451995', '100.39426803588867', '0', 'motercycle', 18.288, 2, 36.576, 'wait', '2017-09-26 17:20:25'),
(401, 3, 917, '7.0063486', '100.49869669999998', '0', '6.934435981451995', '100.39426803588867', '0', 'motercycle', 18.288, 2, 36.576, 'wait', '2017-09-26 17:24:13'),
(402, 3, 917, '7.0063486', '100.49869669999998', '0', '6.934435981451995', '100.39426803588867', '0', 'motercycle', 18.288, 2, 36.576, 'wait', '2017-09-26 17:24:13'),
(403, 1, 918, '7.906063400000001', '98.36658050000005', '0', '7.861681329197523', '98.40059280395508', '0', 'motercycle', 8.378, 2, 16.756, 'wait', '2017-09-26 17:26:06'),
(404, 3, 917, '7.0063486', '100.49869669999998', '0', '7.012816042569052', '100.42516708374023', '0', 'motercycle', 15.105, 2, 30.21, 'wait', '2017-09-26 17:30:26'),
(405, 1, 918, '7.906063400000001', '98.36658050000005', '0', '7.861681329197523', '98.40059280395508', '0', 'motercycle', 8.378, 2, 16.756, 'wait', '2017-09-26 17:41:10');

-- --------------------------------------------------------

--
-- Table structure for table `user_outgoing_detail`
--

CREATE TABLE `user_outgoing_detail` (
  `user_outgoing_detail_id` int(11) NOT NULL,
  `user_outgoing_id` int(11) NOT NULL,
  `start_lat` varchar(100) COLLATE utf8_bin NOT NULL,
  `start_lng` varchar(100) COLLATE utf8_bin NOT NULL,
  `end_lat` varchar(100) COLLATE utf8_bin NOT NULL,
  `end_lng` varchar(100) COLLATE utf8_bin NOT NULL,
  `distance` varchar(60) COLLATE utf8_bin NOT NULL,
  `instruction` varchar(200) COLLATE utf8_bin NOT NULL
) ENGINE=InnoDB DEFAULT CHARSET=utf8 COLLATE=utf8_bin;

--
-- Dumping data for table `user_outgoing_detail`
--

INSERT INTO `user_outgoing_detail` (`user_outgoing_detail_id`, `user_outgoing_id`, `start_lat`, `start_lng`, `end_lat`, `end_lng`, `distance`, `instruction`) VALUES
(3292, 382, '7.9060634', '98.3665805', '7.9055949', '98.3669901', '92 ม.', 'มุ่งหน้าทางใต้'),
(3293, 382, '7.9055949', '98.3669901', '7.9067868', '98.3676181', '0.2 กม.', 'เลี้ยวซ้าย เข้าสู่ ถนนหมายเลข 402'),
(3294, 382, '7.9067868', '98.3676181', '7.9061191', '98.3665625', '0.2 กม.', 'เลี้ยวซ้าย'),
(3295, 383, '7.9060634', '98.3665805', '7.9055949', '98.3669901', '92 ม.', 'มุ่งหน้าทางใต้'),
(3296, 383, '7.9055949', '98.3669901', '7.9057832', '98.367597', '70 ม.', 'วิ่งตรงต่อไป'),
(3297, 383, '7.9057832', '98.367597', '7.8897417', '98.3681167', '1.9 กม.', 'เลี้ยวขวา ที่ ทางแยก สามกอง เข้าสู่ ถนนหมายเลข 402'),
(3298, 383, '7.8897417', '98.3681167', '7.8869543', '98.3738169', '0.7 กม.', 'เลี้ยวซ้าย เข้าสู่ ถนนหมายเลข 4020'),
(3299, 383, '7.8869543', '98.3738169', '7.8848934', '98.3824392', '1.0 กม.', 'ขับต่อไปยัง ถนน วิชิตสงคราม'),
(3300, 383, '7.8848934', '98.3824392', '7.8851524', '98.385229', '0.3 กม.', 'ขับต่อไปยัง ถนน กระบี่'),
(3301, 383, '7.8851524', '98.385229', '7.8865735', '98.3854144', '0.2 กม.', 'ถนน กระบี่ เลี้ยวซ้าย จะเข้าสู่ ถนน สตูล'),
(3302, 383, '7.8865735', '98.3854144', '7.8859255', '98.3905452', '0.6 กม.', 'เลี้ยวขวา เข้าสู่ ถนน ดีบุก'),
(3303, 383, '7.8859255', '98.3905452', '7.8846489', '98.3907858', '0.1 กม.', 'เลี้ยวขวา เข้าสู่ ถนน เทพกระษัตรี'),
(3304, 383, '7.8846489', '98.3907858', '7.8835737', '98.3908539', '0.1 กม.', 'ขับต่อไปยัง ถนน ภูเก็ต'),
(3305, 383, '7.8835737', '98.3908539', '7.8834764', '98.3921835', '0.1 กม.', 'เลี้ยวซ้าย ที่ สี่แยก ธนาคารชาร์เตอร์ เข้าสู่ ถนน พังงา'),
(3306, 383, '7.8834764', '98.3921835', '7.883389', '98.3921556', '10 ม.', 'เลี้ยวขวา'),
(3307, 383, '7.883389', '98.3921556', '7.8833759', '98.3923215', '18 ม.', 'เลี้ยวซ้ายปลายทางจะอยู่ทางขวา'),
(3308, 384, '7.0063486', '100.4986967', '7.0065121', '100.4989402', '43 ม.', 'มุ่งหน้าทางเหนือ'),
(3309, 384, '7.0065121', '100.4989402', '7.0066032', '100.4989351', '10 ม.', 'เลี้ยวซ้าย'),
(3310, 384, '7.0066032', '100.4989351', '7.0064599', '100.4971476', '0.2 กม.', 'เลี้ยวซ้าย'),
(3311, 384, '7.0064599', '100.4971476', '7.00832', '100.4970809', '0.2 กม.', 'เลี้ยวขวา'),
(3312, 384, '7.00832', '100.4970809', '7.0083754', '100.4964574', '69 ม.', 'เลี้ยวซ้าย ไปยัง ถนนหมายเลข 407'),
(3313, 384, '7.0083754', '100.4964574', '7.0084912', '100.4939166', '0.3 กม.', 'เมื่อถึงวงเวียน ใช้ทางออกที่ 2'),
(3314, 384, '7.0084912', '100.4939166', '6.9747101', '100.4794956', '4.1 กม.', 'เลี้ยวซ้าย ที่ แยก มหาวิทยาลัยสงขลานครินทร์ เข้าสู่ ถนนหมายเลข 407'),
(3315, 384, '6.9747101', '100.4794956', '6.9755422', '100.4757966', '0.5 กม.', 'เลี้ยวขวา ที่ ทางแยก คลองหวะ เข้าสู่ ถนนหมายเลข 4'),
(3316, 384, '6.9755422', '100.4757966', '6.976191', '100.4742043', '0.2 กม.', 'เบี่ยงขวาเล็กน้อย เพื่อวิ่งบน ถนนหมายเลข 4'),
(3317, 384, '6.976191', '100.4742043', '6.9863684', '100.4327998', '4.7 กม.', 'ชิดขวา เพื่อวิ่งบน ถนนหมายเลข 4'),
(3318, 384, '6.9863684', '100.4327998', '7.0024965', '100.4155475', '3.1 กม.', 'เบี่ยงขวาเล็กน้อย เพื่อวิ่งบน ถนนหมายเลข 4'),
(3319, 384, '7.0024965', '100.4155475', '7.0055778', '100.4165954', '0.4 กม.', 'เบี่ยงขวาเล็กน้อย เข้าสู่ ถนนหมายเลข 414'),
(3320, 384, '7.0055778', '100.4165954', '7.0123371', '100.4251537', '1.2 กม.', 'ชิดซ้าย เพื่อวิ่งต่อบน ทางคู่ขนานถนน ลพบุรีราเมศวร์'),
(3321, 384, '7.0123371', '100.4251537', '7.0127429', '100.4249868', '49 ม.', 'เลี้ยวซ้ายปลายทางจะอยู่ทางขวา'),
(3322, 385, '7.0063486', '100.4986967', '7.0065121', '100.4989402', '43 ม.', 'มุ่งหน้าทางเหนือ'),
(3323, 385, '7.0065121', '100.4989402', '7.0066032', '100.4989351', '10 ม.', 'เลี้ยวซ้าย'),
(3324, 385, '7.0066032', '100.4989351', '7.0064599', '100.4971476', '0.2 กม.', 'เลี้ยวซ้าย'),
(3325, 385, '7.0064599', '100.4971476', '7.00832', '100.4970809', '0.2 กม.', 'เลี้ยวขวา'),
(3326, 385, '7.00832', '100.4970809', '7.0083754', '100.4964574', '69 ม.', 'เลี้ยวซ้าย ไปยัง ถนน ศุภสารรังสรรค์'),
(3327, 385, '7.0083754', '100.4964574', '7.0084912', '100.4939166', '0.3 กม.', 'เมื่อถึงวงเวียน ใช้ทางออกที่ 2'),
(3328, 385, '7.0084912', '100.4939166', '7.008926', '100.4812799', '1.4 กม.', 'ที่ แยก มหาวิทยาลัยสงขลานครินทร์ ขับต่อไปยัง ถนน ศุภสารรังสรรค์'),
(3329, 385, '7.008926', '100.4812799', '7.0092209', '100.4812389', '43 ม.', 'เลี้ยวขวา เข้าสู่ ถนน ราษฎร์ยินดี'),
(3330, 385, '7.0092209', '100.4812389', '7.008891', '100.4765507', '0.5 กม.', 'เลี้ยวซ้ายแยกที่ 1 เข้าสู่ ถนน ศุภสารรังสรรค์'),
(3331, 385, '7.008891', '100.4765507', '7.0103373', '100.476474', '0.2 กม.', 'เลี้ยวขวา เข้าสู่ ศุภสารรังสรรค์ ซอย 3'),
(3332, 385, '7.0103373', '100.476474', '7.0105284', '100.4700666', '0.7 กม.', 'เลี้ยวซ้าย เข้าสู่ ถนน แสงศรี'),
(3333, 385, '7.0105284', '100.4700666', '7.0115981', '100.4703135', '0.1 กม.', 'เลี้ยวขวา ที่ ทางแยก แ ส ง ด่ ธี เข้าสู่ ถนน เพชรเกษมปลายทางจะอยู่ทางซ้าย'),
(3334, 386, '7.0063486', '100.4986967', '7.0065121', '100.4989402', '43 ม.', 'มุ่งหน้าทางเหนือ'),
(3335, 386, '7.0065121', '100.4989402', '7.0066032', '100.4989351', '10 ม.', 'เลี้ยวซ้าย'),
(3336, 386, '7.0066032', '100.4989351', '7.0064599', '100.4971476', '0.2 กม.', 'เลี้ยวซ้าย'),
(3337, 386, '7.0064599', '100.4971476', '7.00832', '100.4970809', '0.2 กม.', 'เลี้ยวขวา'),
(3338, 386, '7.00832', '100.4970809', '7.0083754', '100.4964574', '69 ม.', 'เลี้ยวซ้าย ไปยัง ถนน ศุภสารรังสรรค์'),
(3339, 386, '7.0083754', '100.4964574', '7.0084912', '100.4939166', '0.3 กม.', 'เมื่อถึงวงเวียน ใช้ทางออกที่ 2'),
(3340, 386, '7.0084912', '100.4939166', '7.008926', '100.4812799', '1.4 กม.', 'ที่ แยก มหาวิทยาลัยสงขลานครินทร์ ขับต่อไปยัง ถนน ศุภสารรังสรรค์'),
(3341, 386, '7.008926', '100.4812799', '7.0092209', '100.4812389', '43 ม.', 'เลี้ยวขวา เข้าสู่ ถนน ราษฎร์ยินดี'),
(3342, 386, '7.0092209', '100.4812389', '7.008891', '100.4765507', '0.5 กม.', 'เลี้ยวซ้ายแยกที่ 1 เข้าสู่ ถนน ศุภสารรังสรรค์'),
(3343, 386, '7.008891', '100.4765507', '7.0103373', '100.476474', '0.2 กม.', 'เลี้ยวขวา เข้าสู่ ศุภสารรังสรรค์ ซอย 3'),
(3344, 386, '7.0103373', '100.476474', '7.0105284', '100.4700666', '0.7 กม.', 'เลี้ยวซ้าย เข้าสู่ ถนน แสงศรี'),
(3345, 386, '7.0105284', '100.4700666', '7.0115981', '100.4703135', '0.1 กม.', 'เลี้ยวขวา ที่ ทางแยก แ ส ง ด่ ธี เข้าสู่ ถนน เพชรเกษมปลายทางจะอยู่ทางซ้าย'),
(3346, 387, '7.0063486', '100.4986967', '7.0065121', '100.4989402', '43 ม.', 'มุ่งหน้าทางเหนือ'),
(3347, 387, '7.0065121', '100.4989402', '7.0066032', '100.4989351', '10 ม.', 'เลี้ยวซ้าย'),
(3348, 387, '7.0066032', '100.4989351', '7.0064599', '100.4971476', '0.2 กม.', 'เลี้ยวซ้าย'),
(3349, 387, '7.0064599', '100.4971476', '7.00832', '100.4970809', '0.2 กม.', 'เลี้ยวขวา'),
(3350, 387, '7.00832', '100.4970809', '7.0083754', '100.4964574', '69 ม.', 'เลี้ยวซ้าย ไปยัง ถนน ศุภสารรังสรรค์'),
(3351, 387, '7.0083754', '100.4964574', '7.0084912', '100.4939166', '0.3 กม.', 'เมื่อถึงวงเวียน ใช้ทางออกที่ 2'),
(3352, 387, '7.0084912', '100.4939166', '7.008926', '100.4812799', '1.4 กม.', 'ที่ แยก มหาวิทยาลัยสงขลานครินทร์ ขับต่อไปยัง ถนน ศุภสารรังสรรค์'),
(3353, 387, '7.008926', '100.4812799', '7.0092209', '100.4812389', '43 ม.', 'เลี้ยวขวา เข้าสู่ ถนน ราษฎร์ยินดี'),
(3354, 387, '7.0092209', '100.4812389', '7.008891', '100.4765507', '0.5 กม.', 'เลี้ยวซ้ายแยกที่ 1 เข้าสู่ ถนน ศุภสารรังสรรค์'),
(3355, 387, '7.008891', '100.4765507', '7.0103373', '100.476474', '0.2 กม.', 'เลี้ยวขวา เข้าสู่ ศุภสารรังสรรค์ ซอย 3'),
(3356, 387, '7.0103373', '100.476474', '7.0105284', '100.4700666', '0.7 กม.', 'เลี้ยวซ้าย เข้าสู่ ถนน แสงศรี'),
(3357, 387, '7.0105284', '100.4700666', '7.0115981', '100.4703135', '0.1 กม.', 'เลี้ยวขวา ที่ ทางแยก แ ส ง ด่ ธี เข้าสู่ ถนน เพชรเกษมปลายทางจะอยู่ทางซ้าย'),
(3358, 388, '7.0063486', '100.4986967', '7.0065121', '100.4989402', '43 ม.', 'มุ่งหน้าทางเหนือ'),
(3359, 388, '7.0065121', '100.4989402', '7.0066032', '100.4989351', '10 ม.', 'เลี้ยวซ้าย'),
(3360, 388, '7.0066032', '100.4989351', '7.0064599', '100.4971476', '0.2 กม.', 'เลี้ยวซ้าย'),
(3361, 388, '7.0064599', '100.4971476', '7.00832', '100.4970809', '0.2 กม.', 'เลี้ยวขวา'),
(3362, 388, '7.00832', '100.4970809', '7.0083754', '100.4964574', '69 ม.', 'เลี้ยวซ้าย ไปยัง ถนน ศุภสารรังสรรค์'),
(3363, 388, '7.0083754', '100.4964574', '7.0084912', '100.4939166', '0.3 กม.', 'เมื่อถึงวงเวียน ใช้ทางออกที่ 2'),
(3364, 388, '7.0084912', '100.4939166', '7.008926', '100.4812799', '1.4 กม.', 'ที่ แยก มหาวิทยาลัยสงขลานครินทร์ ขับต่อไปยัง ถนน ศุภสารรังสรรค์'),
(3365, 388, '7.008926', '100.4812799', '7.0092209', '100.4812389', '43 ม.', 'เลี้ยวขวา เข้าสู่ ถนน ราษฎร์ยินดี'),
(3366, 388, '7.0092209', '100.4812389', '7.008891', '100.4765507', '0.5 กม.', 'เลี้ยวซ้ายแยกที่ 1 เข้าสู่ ถนน ศุภสารรังสรรค์'),
(3367, 388, '7.008891', '100.4765507', '7.0103373', '100.476474', '0.2 กม.', 'เลี้ยวขวา เข้าสู่ ศุภสารรังสรรค์ ซอย 3'),
(3368, 388, '7.0103373', '100.476474', '7.0105284', '100.4700666', '0.7 กม.', 'เลี้ยวซ้าย เข้าสู่ ถนน แสงศรี'),
(3369, 388, '7.0105284', '100.4700666', '7.0115981', '100.4703135', '0.1 กม.', 'เลี้ยวขวา ที่ ทางแยก แ ส ง ด่ ธี เข้าสู่ ถนน เพชรเกษมปลายทางจะอยู่ทางซ้าย'),
(3370, 389, '7.0063486', '100.4986967', '7.0065121', '100.4989402', '43 ม.', 'มุ่งหน้าทางเหนือ'),
(3371, 389, '7.0065121', '100.4989402', '7.0066032', '100.4989351', '10 ม.', 'เลี้ยวซ้าย'),
(3372, 389, '7.0066032', '100.4989351', '7.0064599', '100.4971476', '0.2 กม.', 'เลี้ยวซ้าย'),
(3373, 389, '7.0064599', '100.4971476', '7.00832', '100.4970809', '0.2 กม.', 'เลี้ยวขวา'),
(3374, 389, '7.00832', '100.4970809', '7.0083754', '100.4964574', '69 ม.', 'เลี้ยวซ้าย ไปยัง ถนน ศุภสารรังสรรค์'),
(3375, 389, '7.0083754', '100.4964574', '7.0084912', '100.4939166', '0.3 กม.', 'เมื่อถึงวงเวียน ใช้ทางออกที่ 2'),
(3376, 389, '7.0084912', '100.4939166', '7.008926', '100.4812799', '1.4 กม.', 'ที่ แยก มหาวิทยาลัยสงขลานครินทร์ ขับต่อไปยัง ถนน ศุภสารรังสรรค์'),
(3377, 389, '7.008926', '100.4812799', '7.0092209', '100.4812389', '43 ม.', 'เลี้ยวขวา เข้าสู่ ถนน ราษฎร์ยินดี'),
(3378, 389, '7.0092209', '100.4812389', '7.008891', '100.4765507', '0.5 กม.', 'เลี้ยวซ้ายแยกที่ 1 เข้าสู่ ถนน ศุภสารรังสรรค์'),
(3379, 389, '7.008891', '100.4765507', '7.0103373', '100.476474', '0.2 กม.', 'เลี้ยวขวา เข้าสู่ ศุภสารรังสรรค์ ซอย 3'),
(3380, 389, '7.0103373', '100.476474', '7.0105284', '100.4700666', '0.7 กม.', 'เลี้ยวซ้าย เข้าสู่ ถนน แสงศรี'),
(3381, 389, '7.0105284', '100.4700666', '7.0115981', '100.4703135', '0.1 กม.', 'เลี้ยวขวา ที่ ทางแยก แ ส ง ด่ ธี เข้าสู่ ถนน เพชรเกษมปลายทางจะอยู่ทางซ้าย'),
(3382, 390, '7.0063486', '100.4986967', '7.0065121', '100.4989402', '43 ม.', 'มุ่งหน้าทางเหนือ'),
(3383, 390, '7.0065121', '100.4989402', '7.0066032', '100.4989351', '10 ม.', 'เลี้ยวซ้าย'),
(3384, 390, '7.0066032', '100.4989351', '7.0064599', '100.4971476', '0.2 กม.', 'เลี้ยวซ้าย'),
(3385, 390, '7.0064599', '100.4971476', '7.00832', '100.4970809', '0.2 กม.', 'เลี้ยวขวา'),
(3386, 390, '7.00832', '100.4970809', '7.0083754', '100.4964574', '69 ม.', 'เลี้ยวซ้าย ไปยัง ถนน ศุภสารรังสรรค์'),
(3387, 390, '7.0083754', '100.4964574', '7.0084912', '100.4939166', '0.3 กม.', 'เมื่อถึงวงเวียน ใช้ทางออกที่ 2'),
(3388, 390, '7.0084912', '100.4939166', '7.008926', '100.4812799', '1.4 กม.', 'ที่ แยก มหาวิทยาลัยสงขลานครินทร์ ขับต่อไปยัง ถนน ศุภสารรังสรรค์'),
(3389, 390, '7.008926', '100.4812799', '7.0092209', '100.4812389', '43 ม.', 'เลี้ยวขวา เข้าสู่ ถนน ราษฎร์ยินดี'),
(3390, 390, '7.0092209', '100.4812389', '7.008891', '100.4765507', '0.5 กม.', 'เลี้ยวซ้ายแยกที่ 1 เข้าสู่ ถนน ศุภสารรังสรรค์'),
(3391, 390, '7.008891', '100.4765507', '7.0103373', '100.476474', '0.2 กม.', 'เลี้ยวขวา เข้าสู่ ศุภสารรังสรรค์ ซอย 3'),
(3392, 390, '7.0103373', '100.476474', '7.0105284', '100.4700666', '0.7 กม.', 'เลี้ยวซ้าย เข้าสู่ ถนน แสงศรี'),
(3393, 390, '7.0105284', '100.4700666', '7.0115981', '100.4703135', '0.1 กม.', 'เลี้ยวขวา ที่ ทางแยก แ ส ง ด่ ธี เข้าสู่ ถนน เพชรเกษมปลายทางจะอยู่ทางซ้าย'),
(3394, 391, '7.0063486', '100.4986967', '7.0065121', '100.4989402', '43 ม.', 'มุ่งหน้าทางเหนือ'),
(3395, 391, '7.0065121', '100.4989402', '7.0066032', '100.4989351', '10 ม.', 'เลี้ยวซ้าย'),
(3396, 391, '7.0066032', '100.4989351', '7.0064599', '100.4971476', '0.2 กม.', 'เลี้ยวซ้าย'),
(3397, 391, '7.0064599', '100.4971476', '7.00832', '100.4970809', '0.2 กม.', 'เลี้ยวขวา'),
(3398, 391, '7.00832', '100.4970809', '7.0083754', '100.4964574', '69 ม.', 'เลี้ยวซ้าย ไปยัง ถนน ศุภสารรังสรรค์'),
(3399, 391, '7.0083754', '100.4964574', '7.0084912', '100.4939166', '0.3 กม.', 'เมื่อถึงวงเวียน ใช้ทางออกที่ 2'),
(3400, 391, '7.0084912', '100.4939166', '7.008926', '100.4812799', '1.4 กม.', 'ที่ แยก มหาวิทยาลัยสงขลานครินทร์ ขับต่อไปยัง ถนน ศุภสารรังสรรค์'),
(3401, 391, '7.008926', '100.4812799', '7.0092209', '100.4812389', '43 ม.', 'เลี้ยวขวา เข้าสู่ ถนน ราษฎร์ยินดี'),
(3402, 391, '7.0092209', '100.4812389', '7.008891', '100.4765507', '0.5 กม.', 'เลี้ยวซ้ายแยกที่ 1 เข้าสู่ ถนน ศุภสารรังสรรค์'),
(3403, 391, '7.008891', '100.4765507', '7.0103373', '100.476474', '0.2 กม.', 'เลี้ยวขวา เข้าสู่ ศุภสารรังสรรค์ ซอย 3'),
(3404, 391, '7.0103373', '100.476474', '7.0105284', '100.4700666', '0.7 กม.', 'เลี้ยวซ้าย เข้าสู่ ถนน แสงศรี'),
(3405, 391, '7.0105284', '100.4700666', '7.0115981', '100.4703135', '0.1 กม.', 'เลี้ยวขวา ที่ ทางแยก แ ส ง ด่ ธี เข้าสู่ ถนน เพชรเกษมปลายทางจะอยู่ทางซ้าย'),
(3406, 392, '7.0063486', '100.4986967', '7.0065121', '100.4989402', '43 ม.', 'มุ่งหน้าทางเหนือ'),
(3407, 392, '7.0065121', '100.4989402', '7.0066032', '100.4989351', '10 ม.', 'เลี้ยวซ้าย'),
(3408, 392, '7.0066032', '100.4989351', '7.0064599', '100.4971476', '0.2 กม.', 'เลี้ยวซ้าย'),
(3409, 392, '7.0064599', '100.4971476', '7.00832', '100.4970809', '0.2 กม.', 'เลี้ยวขวา'),
(3410, 392, '7.00832', '100.4970809', '7.0083754', '100.4964574', '69 ม.', 'เลี้ยวซ้าย ไปยัง ถนน ศุภสารรังสรรค์'),
(3411, 392, '7.0083754', '100.4964574', '7.0084912', '100.4939166', '0.3 กม.', 'เมื่อถึงวงเวียน ใช้ทางออกที่ 2'),
(3412, 392, '7.0084912', '100.4939166', '7.008926', '100.4812799', '1.4 กม.', 'ที่ แยก มหาวิทยาลัยสงขลานครินทร์ ขับต่อไปยัง ถนน ศุภสารรังสรรค์'),
(3413, 392, '7.008926', '100.4812799', '7.0092209', '100.4812389', '43 ม.', 'เลี้ยวขวา เข้าสู่ ถนน ราษฎร์ยินดี'),
(3414, 392, '7.0092209', '100.4812389', '7.008891', '100.4765507', '0.5 กม.', 'เลี้ยวซ้ายแยกที่ 1 เข้าสู่ ถนน ศุภสารรังสรรค์'),
(3415, 392, '7.008891', '100.4765507', '7.0103373', '100.476474', '0.2 กม.', 'เลี้ยวขวา เข้าสู่ ศุภสารรังสรรค์ ซอย 3'),
(3416, 392, '7.0103373', '100.476474', '7.0105284', '100.4700666', '0.7 กม.', 'เลี้ยวซ้าย เข้าสู่ ถนน แสงศรี'),
(3417, 392, '7.0105284', '100.4700666', '7.0115981', '100.4703135', '0.1 กม.', 'เลี้ยวขวา ที่ ทางแยก แ ส ง ด่ ธี เข้าสู่ ถนน เพชรเกษมปลายทางจะอยู่ทางซ้าย'),
(3418, 393, '7.0063486', '100.4986967', '7.0065121', '100.4989402', '43 ม.', 'มุ่งหน้าทางเหนือ'),
(3419, 393, '7.0065121', '100.4989402', '7.0066032', '100.4989351', '10 ม.', 'เลี้ยวซ้าย'),
(3420, 393, '7.0066032', '100.4989351', '7.0064599', '100.4971476', '0.2 กม.', 'เลี้ยวซ้าย'),
(3421, 393, '7.0064599', '100.4971476', '7.00832', '100.4970809', '0.2 กม.', 'เลี้ยวขวา'),
(3422, 393, '7.00832', '100.4970809', '7.0083754', '100.4964574', '69 ม.', 'เลี้ยวซ้าย ไปยัง ถนน ศุภสารรังสรรค์'),
(3423, 393, '7.0083754', '100.4964574', '7.0084912', '100.4939166', '0.3 กม.', 'เมื่อถึงวงเวียน ใช้ทางออกที่ 2'),
(3424, 393, '7.0084912', '100.4939166', '7.008926', '100.4812799', '1.4 กม.', 'ที่ แยก มหาวิทยาลัยสงขลานครินทร์ ขับต่อไปยัง ถนน ศุภสารรังสรรค์'),
(3425, 393, '7.008926', '100.4812799', '7.0092209', '100.4812389', '43 ม.', 'เลี้ยวขวา เข้าสู่ ถนน ราษฎร์ยินดี'),
(3426, 393, '7.0092209', '100.4812389', '7.008891', '100.4765507', '0.5 กม.', 'เลี้ยวซ้ายแยกที่ 1 เข้าสู่ ถนน ศุภสารรังสรรค์'),
(3427, 393, '7.008891', '100.4765507', '7.0103373', '100.476474', '0.2 กม.', 'เลี้ยวขวา เข้าสู่ ศุภสารรังสรรค์ ซอย 3'),
(3428, 393, '7.0103373', '100.476474', '7.0105284', '100.4700666', '0.7 กม.', 'เลี้ยวซ้าย เข้าสู่ ถนน แสงศรี'),
(3429, 393, '7.0105284', '100.4700666', '7.0115981', '100.4703135', '0.1 กม.', 'เลี้ยวขวา ที่ ทางแยก แ ส ง ด่ ธี เข้าสู่ ถนน เพชรเกษมปลายทางจะอยู่ทางซ้าย'),
(3430, 394, '7.0063486', '100.4986967', '7.0065121', '100.4989402', '43 ม.', 'มุ่งหน้าทางเหนือ'),
(3431, 394, '7.0065121', '100.4989402', '7.0066032', '100.4989351', '10 ม.', 'เลี้ยวซ้าย'),
(3432, 394, '7.0066032', '100.4989351', '7.0064599', '100.4971476', '0.2 กม.', 'เลี้ยวซ้าย'),
(3433, 394, '7.0064599', '100.4971476', '7.00832', '100.4970809', '0.2 กม.', 'เลี้ยวขวา'),
(3434, 394, '7.00832', '100.4970809', '7.0083754', '100.4964574', '69 ม.', 'เลี้ยวซ้าย ไปยัง ถนน ศุภสารรังสรรค์'),
(3435, 394, '7.0083754', '100.4964574', '7.0084912', '100.4939166', '0.3 กม.', 'เมื่อถึงวงเวียน ใช้ทางออกที่ 2'),
(3436, 394, '7.0084912', '100.4939166', '7.008926', '100.4812799', '1.4 กม.', 'ที่ แยก มหาวิทยาลัยสงขลานครินทร์ ขับต่อไปยัง ถนน ศุภสารรังสรรค์'),
(3437, 394, '7.008926', '100.4812799', '7.0092209', '100.4812389', '43 ม.', 'เลี้ยวขวา เข้าสู่ ถนน ราษฎร์ยินดี'),
(3438, 394, '7.0092209', '100.4812389', '7.008891', '100.4765507', '0.5 กม.', 'เลี้ยวซ้ายแยกที่ 1 เข้าสู่ ถนน ศุภสารรังสรรค์'),
(3439, 394, '7.008891', '100.4765507', '7.0103373', '100.476474', '0.2 กม.', 'เลี้ยวขวา เข้าสู่ ศุภสารรังสรรค์ ซอย 3'),
(3440, 394, '7.0103373', '100.476474', '7.0105284', '100.4700666', '0.7 กม.', 'เลี้ยวซ้าย เข้าสู่ ถนน แสงศรี'),
(3441, 394, '7.0105284', '100.4700666', '7.0115981', '100.4703135', '0.1 กม.', 'เลี้ยวขวา ที่ ทางแยก แ ส ง ด่ ธี เข้าสู่ ถนน เพชรเกษมปลายทางจะอยู่ทางซ้าย'),
(3442, 395, '7.0063486', '100.4986967', '7.0065121', '100.4989402', '43 ม.', 'มุ่งหน้าทางเหนือ'),
(3443, 395, '7.0065121', '100.4989402', '7.0066032', '100.4989351', '10 ม.', 'เลี้ยวซ้าย'),
(3444, 395, '7.0066032', '100.4989351', '7.0064599', '100.4971476', '0.2 กม.', 'เลี้ยวซ้าย'),
(3445, 395, '7.0064599', '100.4971476', '7.00832', '100.4970809', '0.2 กม.', 'เลี้ยวขวา'),
(3446, 395, '7.00832', '100.4970809', '7.0083754', '100.4964574', '69 ม.', 'เลี้ยวซ้าย ไปยัง ถนน ศุภสารรังสรรค์'),
(3447, 395, '7.0083754', '100.4964574', '7.0084912', '100.4939166', '0.3 กม.', 'เมื่อถึงวงเวียน ใช้ทางออกที่ 2'),
(3448, 395, '7.0084912', '100.4939166', '7.008926', '100.4812799', '1.4 กม.', 'ที่ แยก มหาวิทยาลัยสงขลานครินทร์ ขับต่อไปยัง ถนน ศุภสารรังสรรค์'),
(3449, 395, '7.008926', '100.4812799', '7.0092209', '100.4812389', '43 ม.', 'เลี้ยวขวา เข้าสู่ ถนน ราษฎร์ยินดี'),
(3450, 395, '7.0092209', '100.4812389', '7.008891', '100.4765507', '0.5 กม.', 'เลี้ยวซ้ายแยกที่ 1 เข้าสู่ ถนน ศุภสารรังสรรค์'),
(3451, 395, '7.008891', '100.4765507', '7.0103373', '100.476474', '0.2 กม.', 'เลี้ยวขวา เข้าสู่ ศุภสารรังสรรค์ ซอย 3'),
(3452, 395, '7.0103373', '100.476474', '7.0105284', '100.4700666', '0.7 กม.', 'เลี้ยวซ้าย เข้าสู่ ถนน แสงศรี'),
(3453, 395, '7.0105284', '100.4700666', '7.0115981', '100.4703135', '0.1 กม.', 'เลี้ยวขวา ที่ ทางแยก แ ส ง ด่ ธี เข้าสู่ ถนน เพชรเกษมปลายทางจะอยู่ทางซ้าย'),
(3454, 396, '7.0063486', '100.4986967', '7.0065121', '100.4989402', '43 ม.', 'มุ่งหน้าทางเหนือ'),
(3455, 396, '7.0065121', '100.4989402', '7.0066032', '100.4989351', '10 ม.', 'เลี้ยวซ้าย'),
(3456, 396, '7.0066032', '100.4989351', '7.0064599', '100.4971476', '0.2 กม.', 'เลี้ยวซ้าย'),
(3457, 396, '7.0064599', '100.4971476', '7.00832', '100.4970809', '0.2 กม.', 'เลี้ยวขวา'),
(3458, 396, '7.00832', '100.4970809', '7.0083754', '100.4964574', '69 ม.', 'เลี้ยวซ้าย ไปยัง ถนนหมายเลข 407'),
(3459, 396, '7.0083754', '100.4964574', '7.0084912', '100.4939166', '0.3 กม.', 'เมื่อถึงวงเวียน ใช้ทางออกที่ 2'),
(3460, 396, '7.0084912', '100.4939166', '6.990453', '100.4844163', '2.3 กม.', 'เลี้ยวซ้าย ที่ แยก มหาวิทยาลัยสงขลานครินทร์ เข้าสู่ ถนนหมายเลข 407'),
(3461, 396, '6.990453', '100.4844163', '6.9903206', '100.4840547', '0.6 กม.', 'เบี่ยงซ้ายเล็กน้อย'),
(3462, 396, '6.9903206', '100.4840547', '6.9910675', '100.4827015', '0.2 กม.', 'เลี้ยวซ้าย เข้าสู่ Kanjanawanich 28 Roadปลายทางจะอยู่ทางขวา'),
(3463, 397, '7.0063486', '100.4986967', '7.0061047', '100.4999431', '0.2 กม.', 'มุ่งหน้าทางใต้'),
(3464, 397, '7.0061047', '100.4999431', '7.0059547', '100.4999695', '17 ม.', 'เลี้ยวขวา ไปยัง ถนนหมายเลข 2085'),
(3465, 397, '7.0059547', '100.4999695', '7.0059557', '100.5000918', '13 ม.', 'เลี้ยวซ้าย ไปยัง ถนนหมายเลข 2085'),
(3466, 397, '7.0059557', '100.5000918', '7.0018973', '100.5001547', '0.5 กม.', 'เลี้ยวขวา ไปยัง ถนนหมายเลข 2085วิ่งผ่าน 1 วงเวียน'),
(3467, 397, '7.0018973', '100.5001547', '7.0015034', '100.4908679', '1.0 กม.', 'เลี้ยวขวา เข้าสู่ ถนนหมายเลข 2085'),
(3468, 397, '7.0015034', '100.4908679', '7.0033251', '100.4918075', '0.2 กม.', 'เลี้ยวขวา ที่ แยก ปุณณกัณท่ เข้าสู่ ถนนหมายเลข 407'),
(3469, 397, '7.0033251', '100.4918075', '7.0029814', '100.4901941', '0.2 กม.', 'เลี้ยวซ้าย เข้าสู่ ถนน กาญจนวนิช ซอย 18'),
(3470, 397, '7.0029814', '100.4901941', '7.0027535', '100.4902624', '26 ม.', 'เลี้ยวซ้าย เข้าสู่ กาญจนวณิชย์ ซอย 18/1ปลายทางจะอยู่ทางซ้าย'),
(3471, 398, '7.0063486', '100.4986967', '7.0061047', '100.4999431', '0.2 กม.', 'มุ่งหน้าทางใต้'),
(3472, 398, '7.0061047', '100.4999431', '7.0059547', '100.4999695', '17 ม.', 'เลี้ยวขวา ไปยัง ถนนหมายเลข 2085'),
(3473, 398, '7.0059547', '100.4999695', '7.0059557', '100.5000918', '13 ม.', 'เลี้ยวซ้าย ไปยัง ถนนหมายเลข 2085'),
(3474, 398, '7.0059557', '100.5000918', '7.0018973', '100.5001547', '0.5 กม.', 'เลี้ยวขวา ไปยัง ถนนหมายเลข 2085วิ่งผ่าน 1 วงเวียน'),
(3475, 398, '7.0018973', '100.5001547', '7.0015034', '100.4908679', '1.0 กม.', 'เลี้ยวขวา เข้าสู่ ถนนหมายเลข 2085'),
(3476, 398, '7.0015034', '100.4908679', '7.0033251', '100.4918075', '0.2 กม.', 'เลี้ยวขวา ที่ แยก ปุณณกัณท่ เข้าสู่ ถนนหมายเลข 407'),
(3477, 398, '7.0033251', '100.4918075', '7.0029814', '100.4901941', '0.2 กม.', 'เลี้ยวซ้าย เข้าสู่ ถนน กาญจนวนิช ซอย 18'),
(3478, 398, '7.0029814', '100.4901941', '7.0027535', '100.4902624', '26 ม.', 'เลี้ยวซ้าย เข้าสู่ กาญจนวณิชย์ ซอย 18/1ปลายทางจะอยู่ทางซ้าย'),
(3479, 399, '7.9060634', '98.3665805', '7.9055949', '98.3669901', '92 ม.', 'มุ่งหน้าทางใต้'),
(3480, 399, '7.9055949', '98.3669901', '7.9057832', '98.367597', '70 ม.', 'วิ่งตรงต่อไป'),
(3481, 399, '7.9057832', '98.367597', '7.8876018', '98.3668981', '2.1 กม.', 'เลี้ยวขวา ที่ ทางแยก สามกอง เข้าสู่ ถนนหมายเลข 402'),
(3482, 399, '7.8876018', '98.3668981', '7.8872047', '98.3666673', '51 ม.', 'ขับตรงไปตลอดเพื่อวิ่งบน ถนนหมายเลข 402'),
(3483, 399, '7.8872047', '98.3666673', '7.8651011', '98.3483249', '3.6 กม.', 'ขับต่อไปยัง ถนนหมายเลข 4022'),
(3484, 399, '7.8651011', '98.3483249', '7.8222551', '98.3408296', '5.6 กม.', 'ขับต่อไปยัง ถนนหมายเลข 4021'),
(3485, 399, '7.8222551', '98.3408296', '7.7757635', '98.3277917', '5.4 กม.', 'ที่วงเวียน ตรงต่อไปยัง ถนนหมายเลข 4024'),
(3486, 399, '7.7757635', '98.3277917', '7.7700544', '98.3170765', '1.4 กม.', 'เลี้ยวขวา เข้าสู่ ถนนหมายเลข 4233'),
(3487, 399, '7.7700544', '98.3170765', '7.7695776', '98.3149857', '0.2 กม.', 'ขับต่อไปยัง ทางหลวงชนบท ภูเก็ต 4161'),
(3488, 399, '7.7695776', '98.3149857', '7.7615468', '98.306267', '1.5 กม.', 'เลี้ยวซ้าย เข้าสู่ ถนนหมายเลข 4233'),
(3489, 399, '7.7615468', '98.306267', '7.7616339', '98.3051842', '0.1 กม.', 'เบี่ยงซ้ายเล็กน้อย'),
(3490, 400, '7.0063486', '100.4986967', '7.0065121', '100.4989402', '43 ม.', 'มุ่งหน้าทางเหนือ'),
(3491, 400, '7.0065121', '100.4989402', '7.0066032', '100.4989351', '10 ม.', 'เลี้ยวซ้าย'),
(3492, 400, '7.0066032', '100.4989351', '7.0064599', '100.4971476', '0.2 กม.', 'เลี้ยวซ้าย'),
(3493, 400, '7.0064599', '100.4971476', '7.00832', '100.4970809', '0.2 กม.', 'เลี้ยวขวา'),
(3494, 400, '7.00832', '100.4970809', '7.0083754', '100.4964574', '69 ม.', 'เลี้ยวซ้าย ไปยัง ถนนหมายเลข 407'),
(3495, 400, '7.0083754', '100.4964574', '7.0084912', '100.4939166', '0.3 กม.', 'เมื่อถึงวงเวียน ใช้ทางออกที่ 2'),
(3496, 400, '7.0084912', '100.4939166', '6.9747101', '100.4794956', '4.1 กม.', 'เลี้ยวซ้าย ที่ แยก มหาวิทยาลัยสงขลานครินทร์ เข้าสู่ ถนนหมายเลข 407'),
(3497, 400, '6.9747101', '100.4794956', '6.9755422', '100.4757966', '0.5 กม.', 'เลี้ยวขวา ที่ ทางแยก คลองหวะ เข้าสู่ ถนนหมายเลข 4'),
(3498, 400, '6.9755422', '100.4757966', '6.976191', '100.4742043', '0.2 กม.', 'เบี่ยงขวาเล็กน้อย เพื่อวิ่งบน ถนนหมายเลข 4'),
(3499, 400, '6.976191', '100.4742043', '6.9863684', '100.4327998', '4.7 กม.', 'ชิดขวา เพื่อวิ่งบน ถนนหมายเลข 4'),
(3500, 400, '6.9863684', '100.4327998', '6.9867453', '100.4291065', '0.4 กม.', 'ชิดซ้าย'),
(3501, 400, '6.9867453', '100.4291065', '6.9368309', '100.3944334', '7.5 กม.', 'เลี้ยวซ้าย ที่ ทางแยก สนามบินใน เข้าสู่ สนามบิน-ลพบุรีราเมศร์/ถนนหมายเลข 4135วิ่งต่อไปตามเส้นทาง สนามบิน-ลพบุรีราเมศร์'),
(3502, 401, '7.0063486', '100.4986967', '7.0065121', '100.4989402', '43 ม.', 'มุ่งหน้าทางเหนือ'),
(3503, 401, '7.0065121', '100.4989402', '7.0066032', '100.4989351', '10 ม.', 'เลี้ยวซ้าย'),
(3504, 401, '7.0066032', '100.4989351', '7.0064599', '100.4971476', '0.2 กม.', 'เลี้ยวซ้าย'),
(3505, 401, '7.0064599', '100.4971476', '7.00832', '100.4970809', '0.2 กม.', 'เลี้ยวขวา'),
(3506, 401, '7.00832', '100.4970809', '7.0083754', '100.4964574', '69 ม.', 'เลี้ยวซ้าย ไปยัง ถนนหมายเลข 407'),
(3507, 401, '7.0083754', '100.4964574', '7.0084912', '100.4939166', '0.3 กม.', 'เมื่อถึงวงเวียน ใช้ทางออกที่ 2'),
(3508, 401, '7.0084912', '100.4939166', '6.9747101', '100.4794956', '4.1 กม.', 'เลี้ยวซ้าย ที่ แยก มหาวิทยาลัยสงขลานครินทร์ เข้าสู่ ถนนหมายเลข 407'),
(3509, 401, '6.9747101', '100.4794956', '6.9755422', '100.4757966', '0.5 กม.', 'เลี้ยวขวา ที่ ทางแยก คลองหวะ เข้าสู่ ถนนหมายเลข 4'),
(3510, 401, '6.9755422', '100.4757966', '6.976191', '100.4742043', '0.2 กม.', 'เบี่ยงขวาเล็กน้อย เพื่อวิ่งบน ถนนหมายเลข 4'),
(3511, 401, '6.976191', '100.4742043', '6.9863684', '100.4327998', '4.7 กม.', 'ชิดขวา เพื่อวิ่งบน ถนนหมายเลข 4'),
(3512, 401, '6.9863684', '100.4327998', '6.9867453', '100.4291065', '0.4 กม.', 'ชิดซ้าย'),
(3513, 401, '6.9867453', '100.4291065', '6.9368309', '100.3944334', '7.5 กม.', 'เลี้ยวซ้าย ที่ ทางแยก สนามบินใน เข้าสู่ สนามบิน-ลพบุรีราเมศร์/ถนนหมายเลข 4135วิ่งต่อไปตามเส้นทาง สนามบิน-ลพบุรีราเมศร์'),
(3514, 402, '7.0063486', '100.4986967', '7.0065121', '100.4989402', '43 ม.', 'มุ่งหน้าทางเหนือ'),
(3515, 402, '7.0065121', '100.4989402', '7.0066032', '100.4989351', '10 ม.', 'เลี้ยวซ้าย'),
(3516, 402, '7.0066032', '100.4989351', '7.0064599', '100.4971476', '0.2 กม.', 'เลี้ยวซ้าย'),
(3517, 402, '7.0064599', '100.4971476', '7.00832', '100.4970809', '0.2 กม.', 'เลี้ยวขวา'),
(3518, 402, '7.00832', '100.4970809', '7.0083754', '100.4964574', '69 ม.', 'เลี้ยวซ้าย ไปยัง ถนนหมายเลข 407'),
(3519, 402, '7.0083754', '100.4964574', '7.0084912', '100.4939166', '0.3 กม.', 'เมื่อถึงวงเวียน ใช้ทางออกที่ 2'),
(3520, 402, '7.0084912', '100.4939166', '6.9747101', '100.4794956', '4.1 กม.', 'เลี้ยวซ้าย ที่ แยก มหาวิทยาลัยสงขลานครินทร์ เข้าสู่ ถนนหมายเลข 407'),
(3521, 402, '6.9747101', '100.4794956', '6.9755422', '100.4757966', '0.5 กม.', 'เลี้ยวขวา ที่ ทางแยก คลองหวะ เข้าสู่ ถนนหมายเลข 4'),
(3522, 402, '6.9755422', '100.4757966', '6.976191', '100.4742043', '0.2 กม.', 'เบี่ยงขวาเล็กน้อย เพื่อวิ่งบน ถนนหมายเลข 4'),
(3523, 402, '6.976191', '100.4742043', '6.9863684', '100.4327998', '4.7 กม.', 'ชิดขวา เพื่อวิ่งบน ถนนหมายเลข 4'),
(3524, 402, '6.9863684', '100.4327998', '6.9867453', '100.4291065', '0.4 กม.', 'ชิดซ้าย'),
(3525, 402, '6.9867453', '100.4291065', '6.9368309', '100.3944334', '7.5 กม.', 'เลี้ยวซ้าย ที่ ทางแยก สนามบินใน เข้าสู่ สนามบิน-ลพบุรีราเมศร์/ถนนหมายเลข 4135วิ่งต่อไปตามเส้นทาง สนามบิน-ลพบุรีราเมศร์'),
(3526, 403, '7.9060634', '98.3665805', '7.9055949', '98.3669901', '92 ม.', 'มุ่งหน้าทางใต้'),
(3527, 403, '7.9055949', '98.3669901', '7.9057832', '98.367597', '70 ม.', 'วิ่งตรงต่อไป'),
(3528, 403, '7.9057832', '98.367597', '7.8876018', '98.3668981', '2.1 กม.', 'เลี้ยวขวา ที่ ทางแยก สามกอง เข้าสู่ ถนนหมายเลข 402'),
(3529, 403, '7.8876018', '98.3668981', '7.8872047', '98.3666673', '51 ม.', 'ขับตรงไปตลอดเพื่อวิ่งบน ถนนหมายเลข 402'),
(3530, 403, '7.8872047', '98.3666673', '7.874705', '98.3634463', '1.5 กม.', 'ขับต่อไปยัง ถนนหมายเลข 4022'),
(3531, 403, '7.874705', '98.3634463', '7.8700651', '98.3745598', '1.3 กม.', 'เลี้ยวซ้าย'),
(3532, 403, '7.8700651', '98.3745598', '7.8686219', '98.38051', '0.7 กม.', 'ชิดขวา'),
(3533, 403, '7.8686219', '98.38051', '7.869497', '98.3917769', '1.2 กม.', 'วิ่งตรงต่อไปยัง ศักดิเดชน์ ซอย 7'),
(3534, 403, '7.869497', '98.3917769', '7.8618832', '98.4001951', '1.3 กม.', 'เลี้ยวขวา เข้าสู่ ซอย บางใหญ่'),
(3535, 404, '7.0063486', '100.4986967', '7.0065121', '100.4989402', '43 ม.', 'มุ่งหน้าทางเหนือ'),
(3536, 404, '7.0065121', '100.4989402', '7.0066032', '100.4989351', '10 ม.', 'เลี้ยวซ้าย'),
(3537, 404, '7.0066032', '100.4989351', '7.0064599', '100.4971476', '0.2 กม.', 'เลี้ยวซ้าย'),
(3538, 404, '7.0064599', '100.4971476', '7.00832', '100.4970809', '0.2 กม.', 'เลี้ยวขวา'),
(3539, 404, '7.00832', '100.4970809', '7.0083754', '100.4964574', '69 ม.', 'เลี้ยวซ้าย ไปยัง ถนนหมายเลข 407'),
(3540, 404, '7.0083754', '100.4964574', '7.0084912', '100.4939166', '0.3 กม.', 'เมื่อถึงวงเวียน ใช้ทางออกที่ 2'),
(3541, 404, '7.0084912', '100.4939166', '6.9747101', '100.4794956', '4.1 กม.', 'เลี้ยวซ้าย ที่ แยก มหาวิทยาลัยสงขลานครินทร์ เข้าสู่ ถนนหมายเลข 407'),
(3542, 404, '6.9747101', '100.4794956', '6.9755422', '100.4757966', '0.5 กม.', 'เลี้ยวขวา ที่ ทางแยก คลองหวะ เข้าสู่ ถนนหมายเลข 4'),
(3543, 404, '6.9755422', '100.4757966', '6.976191', '100.4742043', '0.2 กม.', 'เบี่ยงขวาเล็กน้อย เพื่อวิ่งบน ถนนหมายเลข 4'),
(3544, 404, '6.976191', '100.4742043', '6.9863684', '100.4327998', '4.7 กม.', 'ชิดขวา เพื่อวิ่งบน ถนนหมายเลข 4'),
(3545, 404, '6.9863684', '100.4327998', '7.0024965', '100.4155475', '3.1 กม.', 'เบี่ยงขวาเล็กน้อย เพื่อวิ่งบน ถนนหมายเลข 4'),
(3546, 404, '7.0024965', '100.4155475', '7.0055778', '100.4165954', '0.4 กม.', 'เบี่ยงขวาเล็กน้อย เข้าสู่ ถนนหมายเลข 414'),
(3547, 404, '7.0055778', '100.4165954', '7.0123371', '100.4251537', '1.2 กม.', 'ชิดซ้าย เพื่อวิ่งต่อบน ทางคู่ขนานถนน ลพบุรีราเมศวร์'),
(3548, 404, '7.0123371', '100.4251537', '7.0127429', '100.4249868', '49 ม.', 'เลี้ยวซ้ายปลายทางจะอยู่ทางขวา'),
(3549, 405, '7.9060634', '98.3665805', '7.9055949', '98.3669901', '92 ม.', 'มุ่งหน้าทางใต้'),
(3550, 405, '7.9055949', '98.3669901', '7.9057832', '98.367597', '70 ม.', 'วิ่งตรงต่อไป'),
(3551, 405, '7.9057832', '98.367597', '7.8876018', '98.3668981', '2.1 กม.', 'เลี้ยวขวา ที่ ทางแยก สามกอง เข้าสู่ ถนนหมายเลข 402'),
(3552, 405, '7.8876018', '98.3668981', '7.8872047', '98.3666673', '51 ม.', 'ขับตรงไปตลอดเพื่อวิ่งบน ถนนหมายเลข 402'),
(3553, 405, '7.8872047', '98.3666673', '7.874705', '98.3634463', '1.5 กม.', 'ขับต่อไปยัง ถนนหมายเลข 4022'),
(3554, 405, '7.874705', '98.3634463', '7.8700651', '98.3745598', '1.3 กม.', 'เลี้ยวซ้าย'),
(3555, 405, '7.8700651', '98.3745598', '7.8686219', '98.38051', '0.7 กม.', 'ชิดขวา'),
(3556, 405, '7.8686219', '98.38051', '7.869497', '98.3917769', '1.2 กม.', 'วิ่งตรงต่อไปยัง ศักดิเดชน์ ซอย 7'),
(3557, 405, '7.869497', '98.3917769', '7.8618832', '98.4001951', '1.3 กม.', 'เลี้ยวขวา เข้าสู่ ซอย บางใหญ่');

--
-- Indexes for dumped tables
--

--
-- Indexes for table `branch`
--
ALTER TABLE `branch`
  ADD PRIMARY KEY (`branch_id`);

--
-- Indexes for table `branch_destination`
--
ALTER TABLE `branch_destination`
  ADD PRIMARY KEY (`branch_destination_id`);

--
-- Indexes for table `company`
--
ALTER TABLE `company`
  ADD PRIMARY KEY (`company_id`);

--
-- Indexes for table `department`
--
ALTER TABLE `department`
  ADD PRIMARY KEY (`department_id`);

--
-- Indexes for table `position`
--
ALTER TABLE `position`
  ADD PRIMARY KEY (`position_id`);

--
-- Indexes for table `position_level`
--
ALTER TABLE `position_level`
  ADD PRIMARY KEY (`position_level_id`);

--
-- Indexes for table `project`
--
ALTER TABLE `project`
  ADD PRIMARY KEY (`id`);

--
-- Indexes for table `user`
--
ALTER TABLE `user`
  ADD PRIMARY KEY (`user_id`);

--
-- Indexes for table `user_outgoing`
--
ALTER TABLE `user_outgoing`
  ADD PRIMARY KEY (`user_outgoing_id`),
  ADD KEY `branch_id` (`branch_id`),
  ADD KEY `user_id` (`user_id`);

--
-- Indexes for table `user_outgoing_detail`
--
ALTER TABLE `user_outgoing_detail`
  ADD PRIMARY KEY (`user_outgoing_detail_id`),
  ADD KEY `user_outgoing_id` (`user_outgoing_id`);

--
-- AUTO_INCREMENT for dumped tables
--

--
-- AUTO_INCREMENT for table `branch`
--
ALTER TABLE `branch`
  MODIFY `branch_id` int(11) NOT NULL AUTO_INCREMENT, AUTO_INCREMENT=12;
--
-- AUTO_INCREMENT for table `branch_destination`
--
ALTER TABLE `branch_destination`
  MODIFY `branch_destination_id` int(11) NOT NULL AUTO_INCREMENT, AUTO_INCREMENT=29;
--
-- AUTO_INCREMENT for table `company`
--
ALTER TABLE `company`
  MODIFY `company_id` int(11) NOT NULL AUTO_INCREMENT, AUTO_INCREMENT=4;
--
-- AUTO_INCREMENT for table `department`
--
ALTER TABLE `department`
  MODIFY `department_id` int(11) NOT NULL AUTO_INCREMENT, AUTO_INCREMENT=9;
--
-- AUTO_INCREMENT for table `position`
--
ALTER TABLE `position`
  MODIFY `position_id` int(11) NOT NULL AUTO_INCREMENT, AUTO_INCREMENT=75;
--
-- AUTO_INCREMENT for table `position_level`
--
ALTER TABLE `position_level`
  MODIFY `position_level_id` int(11) NOT NULL AUTO_INCREMENT, AUTO_INCREMENT=3;
--
-- AUTO_INCREMENT for table `project`
--
ALTER TABLE `project`
  MODIFY `id` int(11) NOT NULL AUTO_INCREMENT, AUTO_INCREMENT=8;
--
-- AUTO_INCREMENT for table `user`
--
ALTER TABLE `user`
  MODIFY `user_id` int(11) NOT NULL AUTO_INCREMENT, AUTO_INCREMENT=920;
--
-- AUTO_INCREMENT for table `user_outgoing`
--
ALTER TABLE `user_outgoing`
  MODIFY `user_outgoing_id` int(11) NOT NULL AUTO_INCREMENT, AUTO_INCREMENT=406;
--
-- AUTO_INCREMENT for table `user_outgoing_detail`
--
ALTER TABLE `user_outgoing_detail`
  MODIFY `user_outgoing_detail_id` int(11) NOT NULL AUTO_INCREMENT, AUTO_INCREMENT=3558;COMMIT;

/*!40101 SET CHARACTER_SET_CLIENT=@OLD_CHARACTER_SET_CLIENT */;
/*!40101 SET CHARACTER_SET_RESULTS=@OLD_CHARACTER_SET_RESULTS */;
/*!40101 SET COLLATION_CONNECTION=@OLD_COLLATION_CONNECTION */;
